[2026-09-08 20:32:40] This is codeql database index-files --include-extension=.properties --also-match-lgtm-index-filters --size-limit=5m --language properties -- /home/nikita/StudioProjects/pam_bio/codeql-db
[2026-09-08 20:32:40] Log file was started late.
[2026-09-08 20:32:40] Using index-files script /nix/store/8cdfj1mnxfx3qk63kbbqflzfl95kkd7p-codeql-2.25.4/codeql/properties/tools/index-files.sh.
[2026-09-08 20:32:40] [PROGRESS] database index-files> Scanning for files in /home/nikita/StudioProjects/pam_bio...
[2026-09-08 20:32:40] Calling plumbing command: codeql resolve files --include-extension=.properties --also-match-lgtm-index-filters --size-limit=5m /home/nikita/StudioProjects/pam_bio --format=json
[2026-09-08 20:32:40] [PROGRESS] resolve files> Scanning /home/nikita/StudioProjects/pam_bio...
[2026-09-08 20:32:40] [PROGRESS] resolve files> Scanning /home/nikita/StudioProjects/pam_bio/android...
[2026-09-08 20:32:40] [PROGRESS] resolve files> Scanning /home/nikita/StudioProjects/pam_bio/android/.idea...
[2026-09-08 20:32:40] [PROGRESS] resolve files> Scanning /home/nikita/StudioProjects/pam_bio/android/.idea/caches...
[2026-09-08 20:32:40] [PROGRESS] resolve files> Scanning /home/nikita/StudioProjects/pam_bio/android/.idea/codeStyles...
[2026-09-08 20:32:40] [PROGRESS] resolve files> Scanning /home/nikita/StudioProjects/pam_bio/android/gradle...
[2026-09-08 20:32:40] [PROGRESS] resolve files> Scanning /home/nikita/StudioProjects/pam_bio/android/gradle/wrapper...
[2026-09-08 20:32:40] [PROGRESS] resolve files> Scanning /home/nikita/StudioProjects/pam_bio/android/app...
[2026-09-08 20:32:40] [PROGRESS] resolve files> Scanning /home/nikita/StudioProjects/pam_bio/android/app/src...
[2026-09-08 20:32:40] [PROGRESS] resolve files> Scanning /home/nikita/StudioProjects/pam_bio/android/app/src/main...
[2026-09-08 20:32:40] [PROGRESS] resolve files> Scanning /home/nikita/StudioProjects/pam_bio/android/app/src/main/java...
[2026-09-08 20:32:40] [PROGRESS] resolve files> Scanning /home/nikita/StudioProjects/pam_bio/android/app/src/main/java/ovh...
[2026-09-08 20:32:40] [PROGRESS] resolve files> Scanning /home/nikita/StudioProjects/pam_bio/android/app/src/main/java/ovh/dep...
[2026-09-08 20:32:40] [PROGRESS] resolve files> Scanning /home/nikita/StudioProjects/pam_bio/android/app/src/main/java/ovh/dep/pam...
[2026-09-08 20:32:40] [PROGRESS] resolve files> Scanning /home/nikita/StudioProjects/pam_bio/android/app/src/main/java/ovh/dep/pam/ui...
[2026-09-08 20:32:40] [PROGRESS] resolve files> Scanning /home/nikita/StudioProjects/pam_bio/android/app/src/main/java/ovh/dep/pam/ui/theme...
[2026-09-08 20:32:40] [PROGRESS] resolve files> Scanning /home/nikita/StudioProjects/pam_bio/android/app/src/main/java/ovh/dep/pam/ui/scan...
[2026-09-08 20:32:40] [PROGRESS] resolve files> Scanning /home/nikita/StudioProjects/pam_bio/android/app/src/main/java/ovh/dep/pam/ui/home...
[2026-09-08 20:32:40] [PROGRESS] resolve files> Scanning /home/nikita/StudioProjects/pam_bio/android/app/src/main/java/ovh/dep/pam/ui/history...
[2026-09-08 20:32:40] [PROGRESS] resolve files> Scanning /home/nikita/StudioProjects/pam_bio/android/app/src/main/java/ovh/dep/pam/ui/about...
[2026-09-08 20:32:40] [PROGRESS] resolve files> Scanning /home/nikita/StudioProjects/pam_bio/android/app/src/main/java/ovh/dep/pam/ui/settings...
[2026-09-08 20:32:40] [PROGRESS] resolve files> Scanning /home/nikita/StudioProjects/pam_bio/android/app/src/main/java/ovh/dep/pam/crypto...
[2026-09-08 20:32:40] [PROGRESS] resolve files> Scanning /home/nikita/StudioProjects/pam_bio/android/app/src/main/java/ovh/dep/pam/network...
[2026-09-08 20:32:40] [PROGRESS] resolve files> Scanning /home/nikita/StudioProjects/pam_bio/android/app/src/main/java/ovh/dep/pam/data...
[2026-09-08 20:32:40] [PROGRESS] resolve files> Scanning /home/nikita/StudioProjects/pam_bio/android/app/src/main/java/ovh/dep/pam/data/history...
[2026-09-08 20:32:40] [PROGRESS] resolve files> Scanning /home/nikita/StudioProjects/pam_bio/android/app/src/main/java/ovh/dep/pam/service...
[2026-09-08 20:32:40] [PROGRESS] resolve files> Scanning /home/nikita/StudioProjects/pam_bio/android/app/src/main/res...
[2026-09-08 20:32:40] [PROGRESS] resolve files> Scanning /home/nikita/StudioProjects/pam_bio/android/app/src/main/res/mipmap-hdpi...
[2026-09-08 20:32:40] [PROGRESS] resolve files> Scanning /home/nikita/StudioProjects/pam_bio/android/app/src/main/res/mipmap-mdpi...
[2026-09-08 20:32:40] [PROGRESS] resolve files> Scanning /home/nikita/StudioProjects/pam_bio/android/app/src/main/res/mipmap-xhdpi...
[2026-09-08 20:32:40] [PROGRESS] resolve files> Scanning /home/nikita/StudioProjects/pam_bio/android/app/src/main/res/mipmap-xxhdpi...
[2026-09-08 20:32:40] [PROGRESS] resolve files> Scanning /home/nikita/StudioProjects/pam_bio/android/app/src/main/res/mipmap-xxxhdpi...
[2026-09-08 20:32:40] [PROGRESS] resolve files> Scanning /home/nikita/StudioProjects/pam_bio/android/app/src/main/res/mipmap-anydpi-v26...
[2026-09-08 20:32:40] [PROGRESS] resolve files> Scanning /home/nikita/StudioProjects/pam_bio/android/app/src/main/res/drawable...
[2026-09-08 20:32:40] [PROGRESS] resolve files> Scanning /home/nikita/StudioProjects/pam_bio/android/app/src/main/res/drawable-v24...
[2026-09-08 20:32:40] [PROGRESS] resolve files> Scanning /home/nikita/StudioProjects/pam_bio/android/app/src/main/res/values...
[2026-09-08 20:32:40] [PROGRESS] resolve files> Scanning /home/nikita/StudioProjects/pam_bio/android/app/src/main/res/xml...
[2026-09-08 20:32:40] [PROGRESS] resolve files> Scanning /home/nikita/StudioProjects/pam_bio/android/app/src/main/res/values-en...
[2026-09-08 20:32:40] [PROGRESS] resolve files> Scanning /home/nikita/StudioProjects/pam_bio/android/app/src/main/res/values-zh...
[2026-09-08 20:32:40] [PROGRESS] resolve files> Scanning /home/nikita/StudioProjects/pam_bio/android/app/src/main/res/drawable-anydpi...
[2026-09-08 20:32:40] [PROGRESS] resolve files> Scanning /home/nikita/StudioProjects/pam_bio/android/app/src/main/res/drawable-xhdpi...
[2026-09-08 20:32:40] [PROGRESS] resolve files> Scanning /home/nikita/StudioProjects/pam_bio/android/app/src/main/res/drawable-hdpi...
[2026-09-08 20:32:40] [PROGRESS] resolve files> Scanning /home/nikita/StudioProjects/pam_bio/android/app/src/main/res/drawable-mdpi...
[2026-09-08 20:32:40] [PROGRESS] resolve files> Scanning /home/nikita/StudioProjects/pam_bio/android/app/src/main/res/drawable-xxhdpi...
[2026-09-08 20:32:40] [PROGRESS] resolve files> Scanning /home/nikita/StudioProjects/pam_bio/android/app/src/test...
[2026-09-08 20:32:40] [PROGRESS] resolve files> Scanning /home/nikita/StudioProjects/pam_bio/android/app/src/test/java...
[2026-09-08 20:32:40] [PROGRESS] resolve files> Scanning /home/nikita/StudioProjects/pam_bio/android/app/src/test/java/ovh...
[2026-09-08 20:32:40] [PROGRESS] resolve files> Scanning /home/nikita/StudioProjects/pam_bio/android/app/src/test/java/ovh/dep...
[2026-09-08 20:32:40] [PROGRESS] resolve files> Scanning /home/nikita/StudioProjects/pam_bio/android/app/src/test/java/ovh/dep/pam...
[2026-09-08 20:32:40] [PROGRESS] resolve files> Scanning /home/nikita/StudioProjects/pam_bio/android/app/src/androidTest...
[2026-09-08 20:32:40] [PROGRESS] resolve files> Scanning /home/nikita/StudioProjects/pam_bio/android/app/src/androidTest/java...
[2026-09-08 20:32:40] [PROGRESS] resolve files> Scanning /home/nikita/StudioProjects/pam_bio/android/app/src/androidTest/java/ovh...
[2026-09-08 20:32:40] [PROGRESS] resolve files> Scanning /home/nikita/StudioProjects/pam_bio/android/app/src/androidTest/java/ovh/dep...
[2026-09-08 20:32:40] [PROGRESS] resolve files> Scanning /home/nikita/StudioProjects/pam_bio/android/app/src/androidTest/java/ovh/dep/pam...
[2026-09-08 20:32:40] [PROGRESS] resolve files> Scanning /home/nikita/StudioProjects/pam_bio/android/app/build...
[2026-09-08 20:32:40] [PROGRESS] resolve files> Scanning /home/nikita/StudioProjects/pam_bio/android/app/build/generated...
[2026-09-08 20:32:40] [PROGRESS] resolve files> Scanning /home/nikita/StudioProjects/pam_bio/android/app/build/generated/source...
[2026-09-08 20:32:40] [PROGRESS] resolve files> Scanning /home/nikita/StudioProjects/pam_bio/android/app/build/generated/source/buildConfig...
[2026-09-08 20:32:40] [PROGRESS] resolve files> Scanning /home/nikita/StudioProjects/pam_bio/android/app/build/generated/source/buildConfig/debug...
[2026-09-08 20:32:40] [PROGRESS] resolve files> Scanning /home/nikita/StudioProjects/pam_bio/android/app/build/generated/source/buildConfig/debug/ovh...
[2026-09-08 20:32:40] [PROGRESS] resolve files> Scanning /home/nikita/StudioProjects/pam_bio/android/app/build/generated/source/buildConfig/debug/ovh/dep...
[2026-09-08 20:32:40] [PROGRESS] resolve files> Scanning /home/nikita/StudioProjects/pam_bio/android/app/build/generated/source/buildConfig/debug/ovh/dep/pam...
[2026-09-08 20:32:40] [PROGRESS] resolve files> Scanning /home/nikita/StudioProjects/pam_bio/android/app/build/generated/updated_navigation_xml...
[2026-09-08 20:32:40] [PROGRESS] resolve files> Scanning /home/nikita/StudioProjects/pam_bio/android/app/build/generated/updated_navigation_xml/debug...
[2026-09-08 20:32:40] [PROGRESS] resolve files> Scanning /home/nikita/StudioProjects/pam_bio/android/app/build/generated/res...
[2026-09-08 20:32:40] [PROGRESS] resolve files> Scanning /home/nikita/StudioProjects/pam_bio/android/app/build/generated/res/pngs...
[2026-09-08 20:32:40] [PROGRESS] resolve files> Scanning /home/nikita/StudioProjects/pam_bio/android/app/build/generated/res/pngs/debug...
[2026-09-08 20:32:40] [PROGRESS] resolve files> Scanning /home/nikita/StudioProjects/pam_bio/android/app/build/generated/ap_generated_sources...
[2026-09-08 20:32:40] [PROGRESS] resolve files> Scanning /home/nikita/StudioProjects/pam_bio/android/app/build/generated/ap_generated_sources/debug...
[2026-09-08 20:32:40] [PROGRESS] resolve files> Scanning /home/nikita/StudioProjects/pam_bio/android/app/build/generated/ap_generated_sources/debug/out...
[2026-09-08 20:32:40] [PROGRESS] resolve files> Scanning /home/nikita/StudioProjects/pam_bio/android/app/build/intermediates...
[2026-09-08 20:32:40] [PROGRESS] resolve files> Scanning /home/nikita/StudioProjects/pam_bio/android/app/build/intermediates/nested_resources_validation_report...
[2026-09-08 20:32:40] [PROGRESS] resolve files> Scanning /home/nikita/StudioProjects/pam_bio/android/app/build/intermediates/nested_resources_validation_report/debug...
[2026-09-08 20:32:40] [PROGRESS] resolve files> Scanning /home/nikita/StudioProjects/pam_bio/android/app/build/intermediates/nested_resources_validation_report/debug/generateDebugResources...
[2026-09-08 20:32:40] [PROGRESS] resolve files> Scanning /home/nikita/StudioProjects/pam_bio/android/app/build/intermediates/data_binding_layout_info_type_package...
[2026-09-08 20:32:40] [PROGRESS] resolve files> Scanning /home/nikita/StudioProjects/pam_bio/android/app/build/intermediates/data_binding_layout_info_type_package/debug...
[2026-09-08 20:32:40] [PROGRESS] resolve files> Scanning /home/nikita/StudioProjects/pam_bio/android/app/build/intermediates/data_binding_layout_info_type_package/debug/packageDebugResources...
[2026-09-08 20:32:40] [PROGRESS] resolve files> Scanning /home/nikita/StudioProjects/pam_bio/android/app/build/intermediates/data_binding_layout_info_type_package/debug/packageDebugResources/out...
[2026-09-08 20:32:40] [PROGRESS] resolve files> Scanning /home/nikita/StudioProjects/pam_bio/android/app/build/intermediates/incremental...
[2026-09-08 20:32:40] [PROGRESS] resolve files> Scanning /home/nikita/StudioProjects/pam_bio/android/app/build/intermediates/incremental/debug...
[2026-09-08 20:32:40] [PROGRESS] resolve files> Scanning /home/nikita/StudioProjects/pam_bio/android/app/build/intermediates/incremental/debug/packageDebugResources...
[2026-09-08 20:32:40] [PROGRESS] resolve files> Scanning /home/nikita/StudioProjects/pam_bio/android/app/build/intermediates/incremental/debug/packageDebugResources/merged.dir...
[2026-09-08 20:32:40] [PROGRESS] resolve files> Scanning /home/nikita/StudioProjects/pam_bio/android/app/build/intermediates/incremental/debug/packageDebugResources/merged.dir/values...
[2026-09-08 20:32:40] [PROGRESS] resolve files> Scanning /home/nikita/StudioProjects/pam_bio/android/app/build/intermediates/incremental/debug/packageDebugResources/merged.dir/values-en...
[2026-09-08 20:32:40] [PROGRESS] resolve files> Scanning /home/nikita/StudioProjects/pam_bio/android/app/build/intermediates/incremental/debug/packageDebugResources/merged.dir/values-zh...
[2026-09-08 20:32:40] [PROGRESS] resolve files> Scanning /home/nikita/StudioProjects/pam_bio/android/app/build/intermediates/incremental/debug/packageDebugResources/stripped.dir...
[2026-09-08 20:32:40] [PROGRESS] resolve files> Scanning /home/nikita/StudioProjects/pam_bio/android/app/build/intermediates/incremental/debug/mergeDebugResources...
[2026-09-08 20:32:40] [PROGRESS] resolve files> Scanning /home/nikita/StudioProjects/pam_bio/android/app/build/intermediates/incremental/debug/mergeDebugResources/merged.dir...
[2026-09-08 20:32:40] [PROGRESS] resolve files> Scanning /home/nikita/StudioProjects/pam_bio/android/app/build/intermediates/incremental/debug/mergeDebugResources/merged.dir/values...
[2026-09-08 20:32:40] [PROGRESS] resolve files> Scanning /home/nikita/StudioProjects/pam_bio/android/app/build/intermediates/incremental/debug/mergeDebugResources/merged.dir/values-hi...
[2026-09-08 20:32:40] [PROGRESS] resolve files> Scanning /home/nikita/StudioProjects/pam_bio/android/app/build/intermediates/incremental/debug/mergeDebugResources/merged.dir/values-pt...
[2026-09-08 20:32:40] [PROGRESS] resolve files> Scanning /home/nikita/StudioProjects/pam_bio/android/app/build/intermediates/incremental/debug/mergeDebugResources/merged.dir/values-watch-v21...
[2026-09-08 20:32:40] [PROGRESS] resolve files> Scanning /home/nikita/StudioProjects/pam_bio/android/app/build/intermediates/incremental/debug/mergeDebugResources/merged.dir/values-watch-v20...
[2026-09-08 20:32:40] [PROGRESS] resolve files> Scanning /home/nikita/StudioProjects/pam_bio/android/app/build/intermediates/incremental/debug/mergeDebugResources/merged.dir/values-hr...
[2026-09-08 20:32:40] [PROGRESS] resolve files> Scanning /home/nikita/StudioProjects/pam_bio/android/app/build/intermediates/incremental/debug/mergeDebugResources/merged.dir/values-hu...
[2026-09-08 20:32:40] [PROGRESS] resolve files> Scanning /home/nikita/StudioProjects/pam_bio/android/app/build/intermediates/incremental/debug/mergeDebugResources/merged.dir/values-hy...
[2026-09-08 20:32:40] [PROGRESS] resolve files> Scanning /home/nikita/StudioProjects/pam_bio/android/app/build/intermediates/incremental/debug/mergeDebugResources/merged.dir/values-v16...
[2026-09-08 20:32:40] [PROGRESS] resolve files> Scanning /home/nikita/StudioProjects/pam_bio/android/app/build/intermediates/incremental/debug/mergeDebugResources/merged.dir/values-v18...
[2026-09-08 20:32:40] [PROGRESS] resolve files> Scanning /home/nikita/StudioProjects/pam_bio/android/app/build/intermediates/incremental/debug/mergeDebugResources/merged.dir/values-v17...
[2026-09-08 20:32:40] [PROGRESS] resolve files> Scanning /home/nikita/StudioProjects/pam_bio/android/app/build/intermediates/incremental/debug/mergeDebugResources/merged.dir/values-ldltr-v21...
[2026-09-08 20:32:40] [PROGRESS] resolve files> Scanning /home/nikita/StudioProjects/pam_bio/android/app/build/intermediates/incremental/debug/mergeDebugResources/merged.dir/values-af...
[2026-09-08 20:32:40] [PROGRESS] resolve files> Scanning /home/nikita/StudioProjects/pam_bio/android/app/build/intermediates/incremental/debug/mergeDebugResources/merged.dir/values-in...
[2026-09-08 20:32:40] [PROGRESS] resolve files> Scanning /home/nikita/StudioProjects/pam_bio/android/app/build/intermediates/incremental/debug/mergeDebugResources/merged.dir/values-zh-rHK...
[2026-09-08 20:32:40] [PROGRESS] resolve files> Scanning /home/nikita/StudioProjects/pam_bio/android/app/build/intermediates/incremental/debug/mergeDebugResources/merged.dir/values-is...
[2026-09-08 20:32:40] [PROGRESS] resolve files> Scanning /home/nikita/StudioProjects/pam_bio/android/app/build/intermediates/incremental/debug/mergeDebugResources/merged.dir/values-it...
[2026-09-08 20:32:40] [PROGRESS] resolve files> Scanning /home/nikita/StudioProjects/pam_bio/android/app/build/intermediates/incremental/debug/mergeDebugResources/merged.dir/values-am...
[2026-09-08 20:32:40] [PROGRESS] resolve files> Scanning /home/nikita/StudioProjects/pam_bio/android/app/build/intermediates/incremental/debug/mergeDebugResources/merged.dir/values-iw...
[2026-09-08 20:32:40] [PROGRESS] resolve files> Scanning /home/nikita/StudioProjects/pam_bio/android/app/build/intermediates/incremental/debug/mergeDebugResources/merged.dir/values-zh...
[2026-09-08 20:32:40] [PROGRESS] resolve files> Scanning /home/nikita/StudioProjects/pam_bio/android/app/build/intermediates/incremental/debug/mergeDebugResources/merged.dir/values-b+sr+Latn...
[2026-09-08 20:32:40] [PROGRESS] resolve files> Scanning /home/nikita/StudioProjects/pam_bio/android/app/build/intermediates/incremental/debug/mergeDebugResources/merged.dir/values-ar...
[2026-09-08 20:32:40] [PROGRESS] resolve files> Scanning /home/nikita/StudioProjects/pam_bio/android/app/build/intermediates/incremental/debug/mergeDebugResources/merged.dir/values-as...
[2026-09-08 20:32:40] [PROGRESS] resolve files> Scanning /home/nikita/StudioProjects/pam_bio/android/app/build/intermediates/incremental/debug/mergeDebugResources/merged.dir/values-v21...
[2026-09-08 20:32:40] [PROGRESS] resolve files> Scanning /home/nikita/StudioProjects/pam_bio/android/app/build/intermediates/incremental/debug/mergeDebugResources/merged.dir/values-es-rUS...
[2026-09-08 20:32:40] [PROGRESS] resolve files> Scanning /home/nikita/StudioProjects/pam_bio/android/app/build/intermediates/incremental/debug/mergeDebugResources/merged.dir/values-v23...
[2026-09-08 20:32:40] [PROGRESS] resolve files> Scanning /home/nikita/StudioProjects/pam_bio/android/app/build/intermediates/incremental/debug/mergeDebugResources/merged.dir/values-ja...
[2026-09-08 20:32:40] [PROGRESS] resolve files> Scanning /home/nikita/StudioProjects/pam_bio/android/app/build/intermediates/incremental/debug/mergeDebugResources/merged.dir/values-v22...
[2026-09-08 20:32:40] [PROGRESS] resolve files> Scanning /home/nikita/StudioProjects/pam_bio/android/app/build/intermediates/incremental/debug/mergeDebugResources/merged.dir/values-v25...
[2026-09-08 20:32:40] [PROGRESS] resolve files> Scanning /home/nikita/StudioProjects/pam_bio/android/app/build/intermediates/incremental/debug/mergeDebugResources/merged.dir/values-az...
[2026-09-08 20:32:40] [PROGRESS] resolve files> Scanning /home/nikita/StudioProjects/pam_bio/android/app/build/intermediates/incremental/debug/mergeDebugResources/merged.dir/values-v24...
[2026-09-08 20:32:40] [PROGRESS] resolve files> Scanning /home/nikita/StudioProjects/pam_bio/android/app/build/intermediates/incremental/debug/mergeDebugResources/merged.dir/values-pt-rPT...
[2026-09-08 20:32:40] [PROGRESS] resolve files> Scanning /home/nikita/StudioProjects/pam_bio/android/app/build/intermediates/incremental/debug/mergeDebugResources/merged.dir/values-zu...
[2026-09-08 20:32:40] [PROGRESS] resolve files> Scanning /home/nikita/StudioProjects/pam_bio/android/app/build/intermediates/incremental/debug/mergeDebugResources/merged.dir/values-v26...
[2026-09-08 20:32:40] [PROGRESS] resolve files> Scanning /home/nikita/StudioProjects/pam_bio/android/app/build/intermediates/incremental/debug/mergeDebugResources/merged.dir/values-ro...
[2026-09-08 20:32:40] [PROGRESS] resolve files> Scanning /home/nikita/StudioProjects/pam_bio/android/app/build/intermediates/incremental/debug/mergeDebugResources/merged.dir/values-v28...
[2026-09-08 20:32:40] [PROGRESS] resolve files> Scanning /home/nikita/StudioProjects/pam_bio/android/app/build/intermediates/incremental/debug/mergeDebugResources/merged.dir/values-sw600dp-v13...
[2026-09-08 20:32:40] [PROGRESS] resolve files> Scanning /home/nikita/StudioProjects/pam_bio/android/app/build/intermediates/incremental/debug/mergeDebugResources/merged.dir/values-be...
[2026-09-08 20:32:40] [PROGRESS] resolve files> Scanning /home/nikita/StudioProjects/pam_bio/android/app/build/intermediates/incremental/debug/mergeDebugResources/merged.dir/values-ru...
[2026-09-08 20:32:40] [PROGRESS] resolve files> Scanning /home/nikita/StudioProjects/pam_bio/android/app/build/intermediates/incremental/debug/mergeDebugResources/merged.dir/values-bg...
[2026-09-08 20:32:40] [PROGRESS] resolve files> Scanning /home/nikita/StudioProjects/pam_bio/android/app/build/intermediates/incremental/debug/mergeDebugResources/merged.dir/values-bn...
[2026-09-08 20:32:40] [PROGRESS] resolve files> Scanning /home/nikita/StudioProjects/pam_bio/android/app/build/intermediates/incremental/debug/mergeDebugResources/merged.dir/values-bs...
[2026-09-08 20:32:40] [PROGRESS] resolve files> Scanning /home/nikita/StudioProjects/pam_bio/android/app/build/intermediates/incremental/debug/mergeDebugResources/merged.dir/values-en-rCA...
[2026-09-08 20:32:40] [PROGRESS] resolve files> Scanning /home/nikita/StudioProjects/pam_bio/android/app/build/intermediates/incremental/debug/mergeDebugResources/merged.dir/values-v30...
[2026-09-08 20:32:40] [PROGRESS] resolve files> Scanning /home/nikita/StudioProjects/pam_bio/android/app/build/intermediates/incremental/debug/mergeDebugResources/merged.dir/values-ka...
[2026-09-08 20:32:40] [PROGRESS] resolve files> Scanning /home/nikita/StudioProjects/pam_bio/android/app/build/intermediates/incremental/debug/mergeDebugResources/merged.dir/values-si...
[2026-09-08 20:32:40] [PROGRESS] resolve files> Scanning /home/nikita/StudioProjects/pam_bio/android/app/build/intermediates/incremental/debug/mergeDebugResources/merged.dir/values-sk...
[2026-09-08 20:32:40] [PROGRESS] resolve files> Scanning /home/nikita/StudioProjects/pam_bio/android/app/build/intermediates/incremental/debug/mergeDebugResources/merged.dir/values-sl...
[2026-09-08 20:32:40] [PROGRESS] resolve files> Scanning /home/nikita/StudioProjects/pam_bio/android/app/build/intermediates/incremental/debug/mergeDebugResources/merged.dir/values-sq...
[2026-09-08 20:32:40] [PROGRESS] resolve files> Scanning /home/nikita/StudioProjects/pam_bio/android/app/build/intermediates/incremental/debug/mergeDebugResources/merged.dir/values-ca...
[2026-09-08 20:32:40] [PROGRESS] resolve files> Scanning /home/nikita/StudioProjects/pam_bio/android/app/build/intermediates/incremental/debug/mergeDebugResources/merged.dir/values-sr...
[2026-09-08 20:32:40] [PROGRESS] resolve files> Scanning /home/nikita/StudioProjects/pam_bio/android/app/build/intermediates/incremental/debug/mergeDebugResources/merged.dir/values-kk...
[2026-09-08 20:32:40] [PROGRESS] resolve files> Scanning /home/nikita/StudioProjects/pam_bio/android/app/build/intermediates/incremental/debug/mergeDebugResources/merged.dir/values-km...
[2026-09-08 20:32:40] [PROGRESS] resolve files> Scanning /home/nikita/StudioProjects/pam_bio/android/app/build/intermediates/incremental/debug/mergeDebugResources/merged.dir/values-kn...
[2026-09-08 20:32:40] [PROGRESS] resolve files> Scanning /home/nikita/StudioProjects/pam_bio/android/app/build/intermediates/incremental/debug/mergeDebugResources/merged.dir/values-sv...
[2026-09-08 20:32:40] [PROGRESS] resolve files> Scanning /home/nikita/StudioProjects/pam_bio/android/app/build/intermediates/incremental/debug/mergeDebugResources/merged.dir/values-ko...
[2026-09-08 20:32:40] [PROGRESS] resolve files> Scanning /home/nikita/StudioProjects/pam_bio/android/app/build/intermediates/incremental/debug/mergeDebugResources/merged.dir/values-sw...
[2026-09-08 20:32:40] [PROGRESS] resolve files> Scanning /home/nikita/StudioProjects/pam_bio/android/app/build/intermediates/incremental/debug/mergeDebugResources/merged.dir/values-ta...
[2026-09-08 20:32:40] [PROGRESS] resolve files> Scanning /home/nikita/StudioProjects/pam_bio/android/app/build/intermediates/incremental/debug/mergeDebugResources/merged.dir/values-ky...
[2026-09-08 20:32:40] [PROGRESS] resolve files> Scanning /home/nikita/StudioProjects/pam_bio/android/app/build/intermediates/incremental/debug/mergeDebugResources/merged.dir/values-pt-rBR...
[2026-09-08 20:32:40] [PROGRESS] resolve files> Scanning /home/nikita/StudioProjects/pam_bio/android/app/build/intermediates/incremental/debug/mergeDebugResources/merged.dir/values-cs...
[2026-09-08 20:32:40] [PROGRESS] resolve files> Scanning /home/nikita/StudioProjects/pam_bio/android/app/build/intermediates/incremental/debug/mergeDebugResources/merged.dir/values-h720dp-v13...
[2026-09-08 20:32:40] [PROGRESS] resolve files> Scanning /home/nikita/StudioProjects/pam_bio/android/app/build/intermediates/incremental/debug/mergeDebugResources/merged.dir/values-te...
[2026-09-08 20:32:40] [PROGRESS] resolve files> Scanning /home/nikita/StudioProjects/pam_bio/android/app/build/intermediates/incremental/debug/mergeDebugResources/merged.dir/values-th...
[2026-09-08 20:32:40] [PROGRESS] resolve files> Scanning /home/nikita/StudioProjects/pam_bio/android/app/build/intermediates/incremental/debug/mergeDebugResources/merged.dir/values-tl...
[2026-09-08 20:32:40] [PROGRESS] resolve files> Scanning /home/nikita/StudioProjects/pam_bio/android/app/build/intermediates/incremental/debug/mergeDebugResources/merged.dir/values-xlarge-v4...
[2026-09-08 20:32:40] [PROGRESS] resolve files> Scanning /home/nikita/StudioProjects/pam_bio/android/app/build/intermediates/incremental/debug/mergeDebugResources/merged.dir/values-da...
[2026-09-08 20:32:40] [PROGRESS] resolve files> Scanning /home/nikita/StudioProjects/pam_bio/android/app/build/intermediates/incremental/debug/mergeDebugResources/merged.dir/values-tr...
[2026-09-08 20:32:40] [PROGRESS] resolve files> Scanning /home/nikita/StudioProjects/pam_bio/android/app/build/intermediates/incremental/debug/mergeDebugResources/merged.dir/values-en-rAU...
[2026-09-08 20:32:40] [PROGRESS] resolve files> Scanning /home/nikita/StudioProjects/pam_bio/android/app/build/intermediates/incremental/debug/mergeDebugResources/merged.dir/values-de...
[2026-09-08 20:32:40] [PROGRESS] resolve files> Scanning /home/nikita/StudioProjects/pam_bio/android/app/build/intermediates/incremental/debug/mergeDebugResources/merged.dir/values-lo...
[2026-09-08 20:32:40] [PROGRESS] resolve files> Scanning /home/nikita/StudioProjects/pam_bio/android/app/build/intermediates/incremental/debug/mergeDebugResources/merged.dir/values-lt...
[2026-09-08 20:32:40] [PROGRESS] resolve files> Scanning /home/nikita/StudioProjects/pam_bio/android/app/build/intermediates/incremental/debug/mergeDebugResources/merged.dir/values-lv...
[2026-09-08 20:32:40] [PROGRESS] resolve files> Scanning /home/nikita/StudioProjects/pam_bio/android/app/build/intermediates/incremental/debug/mergeDebugResources/merged.dir/values-en-rIN...
[2026-09-08 20:32:40] [PROGRESS] resolve files> Scanning /home/nikita/StudioProjects/pam_bio/android/app/build/intermediates/incremental/debug/mergeDebugResources/merged.dir/values-uk...
[2026-09-08 20:32:40] [PROGRESS] resolve files> Scanning /home/nikita/StudioProjects/pam_bio/android/app/build/intermediates/incremental/debug/mergeDebugResources/merged.dir/values-ur...
[2026-09-08 20:32:40] [PROGRESS] resolve files> Scanning /home/nikita/StudioProjects/pam_bio/android/app/build/intermediates/incremental/debug/mergeDebugResources/merged.dir/values-mk...
[2026-09-08 20:32:40] [PROGRESS] resolve files> Scanning /home/nikita/StudioProjects/pam_bio/android/app/build/intermediates/incremental/debug/mergeDebugResources/merged.dir/values-ml...
[2026-09-08 20:32:40] [PROGRESS] resolve files> Scanning /home/nikita/StudioProjects/pam_bio/android/app/build/intermediates/incremental/debug/mergeDebugResources/merged.dir/values-mn...
[2026-09-08 20:32:40] [PROGRESS] resolve files> Scanning /home/nikita/StudioProjects/pam_bio/android/app/build/intermediates/incremental/debug/mergeDebugResources/merged.dir/values-uz...
[2026-09-08 20:32:40] [PROGRESS] resolve files> Scanning /home/nikita/StudioProjects/pam_bio/android/app/build/intermediates/incremental/debug/mergeDebugResources/merged.dir/values-mr...
[2026-09-08 20:32:40] [PROGRESS] resolve files> Scanning /home/nikita/StudioProjects/pam_bio/android/app/build/intermediates/incremental/debug/mergeDebugResources/merged.dir/values-fr-rCA...
[2026-09-08 20:32:40] [PROGRESS] resolve files> Scanning /home/nikita/StudioProjects/pam_bio/android/app/build/intermediates/incremental/debug/mergeDebugResources/merged.dir/values-ms...
[2026-09-08 20:32:40] [PROGRESS] resolve files> Scanning /home/nikita/StudioProjects/pam_bio/android/app/build/intermediates/incremental/debug/mergeDebugResources/merged.dir/values-el...
[2026-09-08 20:32:40] [PROGRESS] resolve files> Scanning /home/nikita/StudioProjects/pam_bio/android/app/build/intermediates/incremental/debug/mergeDebugResources/merged.dir/values-zh-rTW...
[2026-09-08 20:32:40] [PROGRESS] resolve files> Scanning /home/nikita/StudioProjects/pam_bio/android/app/build/intermediates/incremental/debug/mergeDebugResources/merged.dir/values-en...
[2026-09-08 20:32:40] [PROGRESS] resolve files> Scanning /home/nikita/StudioProjects/pam_bio/android/app/build/intermediates/incremental/debug/mergeDebugResources/merged.dir/values-my...
[2026-09-08 20:32:40] [PROGRESS] resolve files> Scanning /home/nikita/StudioProjects/pam_bio/android/app/build/intermediates/incremental/debug/mergeDebugResources/merged.dir/values-es...
[2026-09-08 20:32:40] [PROGRESS] resolve files> Scanning /home/nikita/StudioProjects/pam_bio/android/app/build/intermediates/incremental/debug/mergeDebugResources/merged.dir/values-et...
[2026-09-08 20:32:40] [PROGRESS] resolve files> Scanning /home/nikita/StudioProjects/pam_bio/android/app/build/intermediates/incremental/debug/mergeDebugResources/merged.dir/values-eu...
[2026-09-08 20:32:40] [PROGRESS] resolve files> Scanning /home/nikita/StudioProjects/pam_bio/android/app/build/intermediates/incremental/debug/mergeDebugResources/merged.dir/values-vi...
[2026-09-08 20:32:40] [PROGRESS] resolve files> Scanning /home/nikita/StudioProjects/pam_bio/android/app/build/intermediates/incremental/debug/mergeDebugResources/merged.dir/values-nb...
[2026-09-08 20:32:40] [PROGRESS] resolve files> Scanning /home/nikita/StudioProjects/pam_bio/android/app/build/intermediates/incremental/debug/mergeDebugResources/merged.dir/values-port...
[2026-09-08 20:32:40] [PROGRESS] resolve files> Scanning /home/nikita/StudioProjects/pam_bio/android/app/build/intermediates/incremental/debug/mergeDebugResources/merged.dir/values-night-v8...
[2026-09-08 20:32:40] [PROGRESS] resolve files> Scanning /home/nikita/StudioProjects/pam_bio/android/app/build/intermediates/incremental/debug/mergeDebugResources/merged.dir/values-ne...
[2026-09-08 20:32:40] [PROGRESS] resolve files> Scanning /home/nikita/StudioProjects/pam_bio/android/app/build/intermediates/incremental/debug/mergeDebugResources/merged.dir/values-fa...
[2026-09-08 20:32:40] [PROGRESS] resolve files> Scanning /home/nikita/StudioProjects/pam_bio/android/app/build/intermediates/incremental/debug/mergeDebugResources/merged.dir/values-nl...
[2026-09-08 20:32:40] [PROGRESS] resolve files> Scanning /home/nikita/StudioProjects/pam_bio/android/app/build/intermediates/incremental/debug/mergeDebugResources/merged.dir/values-zh-rCN...
[2026-09-08 20:32:40] [PROGRESS] resolve files> Scanning /home/nikita/StudioProjects/pam_bio/android/app/build/intermediates/incremental/debug/mergeDebugResources/merged.dir/values-fi...
[2026-09-08 20:32:40] [PROGRESS] resolve files> Scanning /home/nikita/StudioProjects/pam_bio/android/app/build/intermediates/incremental/debug/mergeDebugResources/merged.dir/values-en-rXC...
[2026-09-08 20:32:40] [PROGRESS] resolve files> Scanning /home/nikita/StudioProjects/pam_bio/android/app/build/intermediates/incremental/debug/mergeDebugResources/merged.dir/values-fr...
[2026-09-08 20:32:40] [PROGRESS] resolve files> Scanning /home/nikita/StudioProjects/pam_bio/android/app/build/intermediates/incremental/debug/mergeDebugResources/merged.dir/values-large-v4...
[2026-09-08 20:32:40] [PROGRESS] resolve files> Scanning /home/nikita/StudioProjects/pam_bio/android/app/build/intermediates/incremental/debug/mergeDebugResources/merged.dir/values-hdpi-v4...
[2026-09-08 20:32:40] [PROGRESS] resolve files> Scanning /home/nikita/StudioProjects/pam_bio/android/app/build/intermediates/incremental/debug/mergeDebugResources/merged.dir/values-en-rGB...
[2026-09-08 20:32:40] [PROGRESS] resolve files> Scanning /home/nikita/StudioProjects/pam_bio/android/app/build/intermediates/incremental/debug/mergeDebugResources/merged.dir/values-land...
[2026-09-08 20:32:40] [PROGRESS] resolve files> Scanning /home/nikita/StudioProjects/pam_bio/android/app/build/intermediates/incremental/debug/mergeDebugResources/merged.dir/values-or...
[2026-09-08 20:32:40] [PROGRESS] resolve files> Scanning /home/nikita/StudioProjects/pam_bio/android/app/build/intermediates/incremental/debug/mergeDebugResources/merged.dir/values-gl...
[2026-09-08 20:32:40] [PROGRESS] resolve files> Scanning /home/nikita/StudioProjects/pam_bio/android/app/build/intermediates/incremental/debug/mergeDebugResources/merged.dir/values-gu...
[2026-09-08 20:32:40] [PROGRESS] resolve files> Scanning /home/nikita/StudioProjects/pam_bio/android/app/build/intermediates/incremental/debug/mergeDebugResources/merged.dir/values-pa...
[2026-09-08 20:32:40] [PROGRESS] resolve files> Scanning /home/nikita/StudioProjects/pam_bio/android/app/build/intermediates/incremental/debug/mergeDebugResources/merged.dir/values-pl...
[2026-09-08 20:32:40] [PROGRESS] resolve files> Scanning /home/nikita/StudioProjects/pam_bio/android/app/build/intermediates/incremental/debug/mergeDebugResources/stripped.dir...
[2026-09-08 20:32:40] [PROGRESS] resolve files> Scanning /home/nikita/StudioProjects/pam_bio/android/app/build/intermediates/incremental/mergeDebugAssets...
[2026-09-08 20:32:40] [PROGRESS] resolve files> Scanning /home/nikita/StudioProjects/pam_bio/android/app/build/intermediates/incremental/mergeDebugJniLibFolders...
[2026-09-08 20:32:40] [PROGRESS] resolve files> Scanning /home/nikita/StudioProjects/pam_bio/android/app/build/intermediates/incremental/debug-mergeJavaRes...
[2026-09-08 20:32:40] [PROGRESS] resolve files> Scanning /home/nikita/StudioProjects/pam_bio/android/app/build/intermediates/incremental/debug-mergeJavaRes/zip-cache...
[2026-09-08 20:32:40] [PROGRESS] resolve files> Scanning /home/nikita/StudioProjects/pam_bio/android/app/build/intermediates/incremental/packageDebug...
[2026-09-08 20:32:40] [PROGRESS] resolve files> Scanning /home/nikita/StudioProjects/pam_bio/android/app/build/intermediates/incremental/packageDebug/tmp...
[2026-09-08 20:32:40] [PROGRESS] resolve files> Scanning /home/nikita/StudioProjects/pam_bio/android/app/build/intermediates/incremental/packageDebug/tmp/arm64-v8aDebug...
[2026-09-08 20:32:40] [PROGRESS] resolve files> Scanning /home/nikita/StudioProjects/pam_bio/android/app/build/intermediates/incremental/packageDebug/tmp/arm64-v8aDebug/zip-cache...
[2026-09-08 20:32:40] [PROGRESS] resolve files> Scanning /home/nikita/StudioProjects/pam_bio/android/app/build/intermediates/incremental/packageDebug/tmp/x86_64Debug...
[2026-09-08 20:32:40] [PROGRESS] resolve files> Scanning /home/nikita/StudioProjects/pam_bio/android/app/build/intermediates/incremental/packageDebug/tmp/x86_64Debug/zip-cache...
[2026-09-08 20:32:40] [PROGRESS] resolve files> Scanning /home/nikita/StudioProjects/pam_bio/android/app/build/intermediates/incremental/packageDebug/tmp/x86Debug...
[2026-09-08 20:32:40] [PROGRESS] resolve files> Scanning /home/nikita/StudioProjects/pam_bio/android/app/build/intermediates/incremental/packageDebug/tmp/x86Debug/zip-cache...
[2026-09-08 20:32:40] [PROGRESS] resolve files> Scanning /home/nikita/StudioProjects/pam_bio/android/app/build/intermediates/incremental/packageDebug/tmp/armeabi-v7aDebug...
[2026-09-08 20:32:40] [PROGRESS] resolve files> Scanning /home/nikita/StudioProjects/pam_bio/android/app/build/intermediates/incremental/packageDebug/tmp/armeabi-v7aDebug/zip-cache...
[2026-09-08 20:32:40] [PROGRESS] resolve files> Scanning /home/nikita/StudioProjects/pam_bio/android/app/build/intermediates/incremental/packageDebug/tmp/universalDebug...
[2026-09-08 20:32:40] [PROGRESS] resolve files> Scanning /home/nikita/StudioProjects/pam_bio/android/app/build/intermediates/incremental/packageDebug/tmp/universalDebug/zip-cache...
[2026-09-08 20:32:40] [PROGRESS] resolve files> Scanning /home/nikita/StudioProjects/pam_bio/android/app/build/intermediates/packaged_res...
[2026-09-08 20:32:40] [PROGRESS] resolve files> Scanning /home/nikita/StudioProjects/pam_bio/android/app/build/intermediates/packaged_res/debug...
[2026-09-08 20:32:40] [PROGRESS] resolve files> Scanning /home/nikita/StudioProjects/pam_bio/android/app/build/intermediates/packaged_res/debug/packageDebugResources...
[2026-09-08 20:32:40] [PROGRESS] resolve files> Scanning /home/nikita/StudioProjects/pam_bio/android/app/build/intermediates/packaged_res/debug/packageDebugResources/values...
[2026-09-08 20:32:40] [PROGRESS] resolve files> Scanning /home/nikita/StudioProjects/pam_bio/android/app/build/intermediates/packaged_res/debug/packageDebugResources/values-en...
[2026-09-08 20:32:40] [PROGRESS] resolve files> Scanning /home/nikita/StudioProjects/pam_bio/android/app/build/intermediates/packaged_res/debug/packageDebugResources/values-zh...
[2026-09-08 20:32:40] [PROGRESS] resolve files> Scanning /home/nikita/StudioProjects/pam_bio/android/app/build/intermediates/packaged_res/debug/packageDebugResources/mipmap-hdpi-v4...
[2026-09-08 20:32:40] [PROGRESS] resolve files> Scanning /home/nikita/StudioProjects/pam_bio/android/app/build/intermediates/packaged_res/debug/packageDebugResources/mipmap-xhdpi-v4...
[2026-09-08 20:32:40] [PROGRESS] resolve files> Scanning /home/nikita/StudioProjects/pam_bio/android/app/build/intermediates/packaged_res/debug/packageDebugResources/mipmap-mdpi-v4...
[2026-09-08 20:32:40] [PROGRESS] resolve files> Scanning /home/nikita/StudioProjects/pam_bio/android/app/build/intermediates/packaged_res/debug/packageDebugResources/mipmap-xxhdpi-v4...
[2026-09-08 20:32:40] [PROGRESS] resolve files> Scanning /home/nikita/StudioProjects/pam_bio/android/app/build/intermediates/packaged_res/debug/packageDebugResources/xml...
[2026-09-08 20:32:40] [PROGRESS] resolve files> Scanning /home/nikita/StudioProjects/pam_bio/android/app/build/intermediates/packaged_res/debug/packageDebugResources/drawable-anydpi-v4...
[2026-09-08 20:32:40] [PROGRESS] resolve files> Scanning /home/nikita/StudioProjects/pam_bio/android/app/build/intermediates/packaged_res/debug/packageDebugResources/mipmap-xxxhdpi-v4...
[2026-09-08 20:32:40] [PROGRESS] resolve files> Scanning /home/nikita/StudioProjects/pam_bio/android/app/build/intermediates/packaged_res/debug/packageDebugResources/drawable-xhdpi-v4...
[2026-09-08 20:32:40] [PROGRESS] resolve files> Scanning /home/nikita/StudioProjects/pam_bio/android/app/build/intermediates/packaged_res/debug/packageDebugResources/mipmap-anydpi-v26...
[2026-09-08 20:32:40] [PROGRESS] resolve files> Scanning /home/nikita/StudioProjects/pam_bio/android/app/build/intermediates/packaged_res/debug/packageDebugResources/drawable-mdpi-v4...
[2026-09-08 20:32:40] [PROGRESS] resolve files> Scanning /home/nikita/StudioProjects/pam_bio/android/app/build/intermediates/packaged_res/debug/packageDebugResources/drawable-xxhdpi-v4...
[2026-09-08 20:32:40] [PROGRESS] resolve files> Scanning /home/nikita/StudioProjects/pam_bio/android/app/build/intermediates/packaged_res/debug/packageDebugResources/drawable-hdpi-v4...
[2026-09-08 20:32:40] [PROGRESS] resolve files> Scanning /home/nikita/StudioProjects/pam_bio/android/app/build/intermediates/local_only_symbol_list...
[2026-09-08 20:32:40] [PROGRESS] resolve files> Scanning /home/nikita/StudioProjects/pam_bio/android/app/build/intermediates/local_only_symbol_list/debug...
[2026-09-08 20:32:40] [PROGRESS] resolve files> Scanning /home/nikita/StudioProjects/pam_bio/android/app/build/intermediates/local_only_symbol_list/debug/parseDebugLocalResources...
[2026-09-08 20:32:40] [PROGRESS] resolve files> Scanning /home/nikita/StudioProjects/pam_bio/android/app/build/intermediates/annotation_processor_list...
[2026-09-08 20:32:40] [PROGRESS] resolve files> Scanning /home/nikita/StudioProjects/pam_bio/android/app/build/intermediates/annotation_processor_list/debug...
[2026-09-08 20:32:40] [PROGRESS] resolve files> Scanning /home/nikita/StudioProjects/pam_bio/android/app/build/intermediates/annotation_processor_list/debug/javaPreCompileDebug...
[2026-09-08 20:32:40] [PROGRESS] resolve files> Scanning /home/nikita/StudioProjects/pam_bio/android/app/build/intermediates/assets...
[2026-09-08 20:32:40] [PROGRESS] resolve files> Scanning /home/nikita/StudioProjects/pam_bio/android/app/build/intermediates/assets/debug...
[2026-09-08 20:32:40] [PROGRESS] resolve files> Scanning /home/nikita/StudioProjects/pam_bio/android/app/build/intermediates/assets/debug/mergeDebugAssets...
[2026-09-08 20:32:40] [PROGRESS] resolve files> Scanning /home/nikita/StudioProjects/pam_bio/android/app/build/intermediates/assets/debug/mergeDebugAssets/mlkit_barcode_models...
[2026-09-08 20:32:40] [PROGRESS] resolve files> Scanning /home/nikita/StudioProjects/pam_bio/android/app/build/intermediates/compressed_assets...
[2026-09-08 20:32:40] [PROGRESS] resolve files> Scanning /home/nikita/StudioProjects/pam_bio/android/app/build/intermediates/compressed_assets/debug...
[2026-09-08 20:32:40] [PROGRESS] resolve files> Scanning /home/nikita/StudioProjects/pam_bio/android/app/build/intermediates/compressed_assets/debug/compressDebugAssets...
[2026-09-08 20:32:40] [PROGRESS] resolve files> Scanning /home/nikita/StudioProjects/pam_bio/android/app/build/intermediates/compressed_assets/debug/compressDebugAssets/out...
[2026-09-08 20:32:40] [PROGRESS] resolve files> Scanning /home/nikita/StudioProjects/pam_bio/android/app/build/intermediates/compressed_assets/debug/compressDebugAssets/out/assets...
[2026-09-08 20:32:40] [PROGRESS] resolve files> Scanning /home/nikita/StudioProjects/pam_bio/android/app/build/intermediates/compressed_assets/debug/compressDebugAssets/out/assets/mlkit_barcode_models...
[2026-09-08 20:32:40] [PROGRESS] resolve files> Scanning /home/nikita/StudioProjects/pam_bio/android/app/build/intermediates/global_synthetics_dex...
[2026-09-08 20:32:40] [PROGRESS] resolve files> Scanning /home/nikita/StudioProjects/pam_bio/android/app/build/intermediates/global_synthetics_dex/debug...
[2026-09-08 20:32:40] [PROGRESS] resolve files> Scanning /home/nikita/StudioProjects/pam_bio/android/app/build/intermediates/global_synthetics_dex/debug/generateDebugGlobalSynthetics...
[2026-09-08 20:32:40] [PROGRESS] resolve files> Scanning /home/nikita/StudioProjects/pam_bio/android/app/build/intermediates/compile_r_class_jar...
[2026-09-08 20:32:40] [PROGRESS] resolve files> Scanning /home/nikita/StudioProjects/pam_bio/android/app/build/intermediates/compile_r_class_jar/debug...
[2026-09-08 20:32:40] [PROGRESS] resolve files> Scanning /home/nikita/StudioProjects/pam_bio/android/app/build/intermediates/compile_r_class_jar/debug/generateDebugRFile...
[2026-09-08 20:32:40] [PROGRESS] resolve files> Scanning /home/nikita/StudioProjects/pam_bio/android/app/build/intermediates/symbol_list_with_package_name...
[2026-09-08 20:32:40] [PROGRESS] resolve files> Scanning /home/nikita/StudioProjects/pam_bio/android/app/build/intermediates/symbol_list_with_package_name/debug...
[2026-09-08 20:32:40] [PROGRESS] resolve files> Scanning /home/nikita/StudioProjects/pam_bio/android/app/build/intermediates/symbol_list_with_package_name/debug/generateDebugRFile...
[2026-09-08 20:32:40] [PROGRESS] resolve files> Scanning /home/nikita/StudioProjects/pam_bio/android/app/build/intermediates/compile_symbol_list...
[2026-09-08 20:32:40] [PROGRESS] resolve files> Scanning /home/nikita/StudioProjects/pam_bio/android/app/build/intermediates/compile_symbol_list/debug...
[2026-09-08 20:32:40] [PROGRESS] resolve files> Scanning /home/nikita/StudioProjects/pam_bio/android/app/build/intermediates/compile_symbol_list/debug/generateDebugRFile...
[2026-09-08 20:32:40] [PROGRESS] resolve files> Scanning /home/nikita/StudioProjects/pam_bio/android/app/build/intermediates/duplicate_classes_check...
[2026-09-08 20:32:40] [PROGRESS] resolve files> Scanning /home/nikita/StudioProjects/pam_bio/android/app/build/intermediates/duplicate_classes_check/debug...
[2026-09-08 20:32:40] [PROGRESS] resolve files> Scanning /home/nikita/StudioProjects/pam_bio/android/app/build/intermediates/duplicate_classes_check/debug/checkDebugDuplicateClasses...
[2026-09-08 20:32:40] [PROGRESS] resolve files> Scanning /home/nikita/StudioProjects/pam_bio/android/app/build/intermediates/built_in_kotlinc...
[2026-09-08 20:32:40] [PROGRESS] resolve files> Scanning /home/nikita/StudioProjects/pam_bio/android/app/build/intermediates/built_in_kotlinc/debug...
[2026-09-08 20:32:40] [PROGRESS] resolve files> Scanning /home/nikita/StudioProjects/pam_bio/android/app/build/intermediates/built_in_kotlinc/debug/compileDebugKotlin...
[2026-09-08 20:32:40] [PROGRESS] resolve files> Scanning /home/nikita/StudioProjects/pam_bio/android/app/build/intermediates/built_in_kotlinc/debug/compileDebugKotlin/classes...
[2026-09-08 20:32:40] [PROGRESS] resolve files> Scanning /home/nikita/StudioProjects/pam_bio/android/app/build/intermediates/built_in_kotlinc/debug/compileDebugKotlin/classes/ovh...
[2026-09-08 20:32:40] [PROGRESS] resolve files> Scanning /home/nikita/StudioProjects/pam_bio/android/app/build/intermediates/built_in_kotlinc/debug/compileDebugKotlin/classes/ovh/dep...
[2026-09-08 20:32:40] [PROGRESS] resolve files> Scanning /home/nikita/StudioProjects/pam_bio/android/app/build/intermediates/built_in_kotlinc/debug/compileDebugKotlin/classes/ovh/dep/pam...
[2026-09-08 20:32:40] [PROGRESS] resolve files> Scanning /home/nikita/StudioProjects/pam_bio/android/app/build/intermediates/built_in_kotlinc/debug/compileDebugKotlin/classes/ovh/dep/pam/crypto...
[2026-09-08 20:32:40] [PROGRESS] resolve files> Scanning /home/nikita/StudioProjects/pam_bio/android/app/build/intermediates/built_in_kotlinc/debug/compileDebugKotlin/classes/ovh/dep/pam/data...
[2026-09-08 20:32:40] [PROGRESS] resolve files> Scanning /home/nikita/StudioProjects/pam_bio/android/app/build/intermediates/built_in_kotlinc/debug/compileDebugKotlin/classes/ovh/dep/pam/data/history...
[2026-09-08 20:32:40] [PROGRESS] resolve files> Scanning /home/nikita/StudioProjects/pam_bio/android/app/build/intermediates/built_in_kotlinc/debug/compileDebugKotlin/classes/ovh/dep/pam/network...
[2026-09-08 20:32:40] [PROGRESS] resolve files> Scanning /home/nikita/StudioProjects/pam_bio/android/app/build/intermediates/built_in_kotlinc/debug/compileDebugKotlin/classes/ovh/dep/pam/service...
[2026-09-08 20:32:40] [PROGRESS] resolve files> Scanning /home/nikita/StudioProjects/pam_bio/android/app/build/intermediates/built_in_kotlinc/debug/compileDebugKotlin/classes/ovh/dep/pam/ui...
[2026-09-08 20:32:40] [PROGRESS] resolve files> Scanning /home/nikita/StudioProjects/pam_bio/android/app/build/intermediates/built_in_kotlinc/debug/compileDebugKotlin/classes/ovh/dep/pam/ui/about...
[2026-09-08 20:32:40] [PROGRESS] resolve files> Scanning /home/nikita/StudioProjects/pam_bio/android/app/build/intermediates/built_in_kotlinc/debug/compileDebugKotlin/classes/ovh/dep/pam/ui/history...
[2026-09-08 20:32:40] [PROGRESS] resolve files> Scanning /home/nikita/StudioProjects/pam_bio/android/app/build/intermediates/built_in_kotlinc/debug/compileDebugKotlin/classes/ovh/dep/pam/ui/home...
[2026-09-08 20:32:40] [PROGRESS] resolve files> Scanning /home/nikita/StudioProjects/pam_bio/android/app/build/intermediates/built_in_kotlinc/debug/compileDebugKotlin/classes/ovh/dep/pam/ui/scan...
[2026-09-08 20:32:40] [PROGRESS] resolve files> Scanning /home/nikita/StudioProjects/pam_bio/android/app/build/intermediates/built_in_kotlinc/debug/compileDebugKotlin/classes/ovh/dep/pam/ui/settings...
[2026-09-08 20:32:40] [PROGRESS] resolve files> Scanning /home/nikita/StudioProjects/pam_bio/android/app/build/intermediates/built_in_kotlinc/debug/compileDebugKotlin/classes/ovh/dep/pam/ui/theme...
[2026-09-08 20:32:40] [PROGRESS] resolve files> Scanning /home/nikita/StudioProjects/pam_bio/android/app/build/intermediates/built_in_kotlinc/debug/compileDebugKotlin/classes/META-INF...
[2026-09-08 20:32:40] [PROGRESS] resolve files> Scanning /home/nikita/StudioProjects/pam_bio/android/app/build/intermediates/external_file_lib_dex_archives...
[2026-09-08 20:32:40] [PROGRESS] resolve files> Scanning /home/nikita/StudioProjects/pam_bio/android/app/build/intermediates/external_file_lib_dex_archives/debug...
[2026-09-08 20:32:40] [PROGRESS] resolve files> Scanning /home/nikita/StudioProjects/pam_bio/android/app/build/intermediates/external_file_lib_dex_archives/debug/desugarDebugFileDependencies...
[2026-09-08 20:32:40] [PROGRESS] resolve files> Scanning /home/nikita/StudioProjects/pam_bio/android/app/build/intermediates/global_synthetics_file_lib...
[2026-09-08 20:32:40] [PROGRESS] resolve files> Scanning /home/nikita/StudioProjects/pam_bio/android/app/build/intermediates/global_synthetics_file_lib/debug...
[2026-09-08 20:32:40] [PROGRESS] resolve files> Scanning /home/nikita/StudioProjects/pam_bio/android/app/build/intermediates/global_synthetics_file_lib/debug/desugarDebugFileDependencies...
[2026-09-08 20:32:40] [PROGRESS] resolve files> Scanning /home/nikita/StudioProjects/pam_bio/android/app/build/intermediates/dex...
[2026-09-08 20:32:40] [PROGRESS] resolve files> Scanning /home/nikita/StudioProjects/pam_bio/android/app/build/intermediates/dex/debug...
[2026-09-08 20:32:40] [PROGRESS] resolve files> Scanning /home/nikita/StudioProjects/pam_bio/android/app/build/intermediates/dex/debug/mergeExtDexDebug...
[2026-09-08 20:32:40] [PROGRESS] resolve files> Scanning /home/nikita/StudioProjects/pam_bio/android/app/build/intermediates/dex/debug/mergeLibDexDebug...
[2026-09-08 20:32:40] [PROGRESS] resolve files> Scanning /home/nikita/StudioProjects/pam_bio/android/app/build/intermediates/dex/debug/mergeLibDexDebug/0...
[2026-09-08 20:32:40] [PROGRESS] resolve files> Scanning /home/nikita/StudioProjects/pam_bio/android/app/build/intermediates/dex/debug/mergeLibDexDebug/1...
[2026-09-08 20:32:40] [PROGRESS] resolve files> Scanning /home/nikita/StudioProjects/pam_bio/android/app/build/intermediates/dex/debug/mergeLibDexDebug/2...
[2026-09-08 20:32:40] [PROGRESS] resolve files> Scanning /home/nikita/StudioProjects/pam_bio/android/app/build/intermediates/dex/debug/mergeLibDexDebug/3...
[2026-09-08 20:32:40] [PROGRESS] resolve files> Scanning /home/nikita/StudioProjects/pam_bio/android/app/build/intermediates/dex/debug/mergeLibDexDebug/4...
[2026-09-08 20:32:40] [PROGRESS] resolve files> Scanning /home/nikita/StudioProjects/pam_bio/android/app/build/intermediates/dex/debug/mergeLibDexDebug/5...
[2026-09-08 20:32:40] [PROGRESS] resolve files> Scanning /home/nikita/StudioProjects/pam_bio/android/app/build/intermediates/dex/debug/mergeLibDexDebug/6...
[2026-09-08 20:32:40] [PROGRESS] resolve files> Scanning /home/nikita/StudioProjects/pam_bio/android/app/build/intermediates/dex/debug/mergeLibDexDebug/7...
[2026-09-08 20:32:40] [PROGRESS] resolve files> Scanning /home/nikita/StudioProjects/pam_bio/android/app/build/intermediates/dex/debug/mergeLibDexDebug/8...
[2026-09-08 20:32:40] [PROGRESS] resolve files> Scanning /home/nikita/StudioProjects/pam_bio/android/app/build/intermediates/dex/debug/mergeLibDexDebug/9...
[2026-09-08 20:32:40] [PROGRESS] resolve files> Scanning /home/nikita/StudioProjects/pam_bio/android/app/build/intermediates/dex/debug/mergeLibDexDebug/10...
[2026-09-08 20:32:40] [PROGRESS] resolve files> Scanning /home/nikita/StudioProjects/pam_bio/android/app/build/intermediates/dex/debug/mergeLibDexDebug/11...
[2026-09-08 20:32:40] [PROGRESS] resolve files> Scanning /home/nikita/StudioProjects/pam_bio/android/app/build/intermediates/dex/debug/mergeLibDexDebug/12...
[2026-09-08 20:32:40] [PROGRESS] resolve files> Scanning /home/nikita/StudioProjects/pam_bio/android/app/build/intermediates/dex/debug/mergeLibDexDebug/13...
[2026-09-08 20:32:40] [PROGRESS] resolve files> Scanning /home/nikita/StudioProjects/pam_bio/android/app/build/intermediates/dex/debug/mergeLibDexDebug/14...
[2026-09-08 20:32:40] [PROGRESS] resolve files> Scanning /home/nikita/StudioProjects/pam_bio/android/app/build/intermediates/dex/debug/mergeLibDexDebug/15...
[2026-09-08 20:32:40] [PROGRESS] resolve files> Scanning /home/nikita/StudioProjects/pam_bio/android/app/build/intermediates/dex/debug/mergeProjectDexDebug...
[2026-09-08 20:32:40] [PROGRESS] resolve files> Scanning /home/nikita/StudioProjects/pam_bio/android/app/build/intermediates/dex/debug/mergeProjectDexDebug/0...
[2026-09-08 20:32:40] [PROGRESS] resolve files> Scanning /home/nikita/StudioProjects/pam_bio/android/app/build/intermediates/dex/debug/mergeProjectDexDebug/1...
[2026-09-08 20:32:40] [PROGRESS] resolve files> Scanning /home/nikita/StudioProjects/pam_bio/android/app/build/intermediates/dex/debug/mergeProjectDexDebug/2...
[2026-09-08 20:32:40] [PROGRESS] resolve files> Scanning /home/nikita/StudioProjects/pam_bio/android/app/build/intermediates/dex/debug/mergeProjectDexDebug/3...
[2026-09-08 20:32:40] [PROGRESS] resolve files> Scanning /home/nikita/StudioProjects/pam_bio/android/app/build/intermediates/dex/debug/mergeProjectDexDebug/4...
[2026-09-08 20:32:40] [PROGRESS] resolve files> Scanning /home/nikita/StudioProjects/pam_bio/android/app/build/intermediates/dex/debug/mergeProjectDexDebug/5...
[2026-09-08 20:32:40] [PROGRESS] resolve files> Scanning /home/nikita/StudioProjects/pam_bio/android/app/build/intermediates/dex/debug/mergeProjectDexDebug/6...
[2026-09-08 20:32:40] [PROGRESS] resolve files> Scanning /home/nikita/StudioProjects/pam_bio/android/app/build/intermediates/dex/debug/mergeProjectDexDebug/7...
[2026-09-08 20:32:40] [PROGRESS] resolve files> Scanning /home/nikita/StudioProjects/pam_bio/android/app/build/intermediates/dex/debug/mergeProjectDexDebug/8...
[2026-09-08 20:32:40] [PROGRESS] resolve files> Scanning /home/nikita/StudioProjects/pam_bio/android/app/build/intermediates/dex/debug/mergeProjectDexDebug/9...
[2026-09-08 20:32:40] [PROGRESS] resolve files> Scanning /home/nikita/StudioProjects/pam_bio/android/app/build/intermediates/dex/debug/mergeProjectDexDebug/10...
[2026-09-08 20:32:40] [PROGRESS] resolve files> Scanning /home/nikita/StudioProjects/pam_bio/android/app/build/intermediates/dex/debug/mergeProjectDexDebug/11...
[2026-09-08 20:32:40] [PROGRESS] resolve files> Scanning /home/nikita/StudioProjects/pam_bio/android/app/build/intermediates/dex/debug/mergeProjectDexDebug/12...
[2026-09-08 20:32:40] [PROGRESS] resolve files> Scanning /home/nikita/StudioProjects/pam_bio/android/app/build/intermediates/dex/debug/mergeProjectDexDebug/13...
[2026-09-08 20:32:40] [PROGRESS] resolve files> Scanning /home/nikita/StudioProjects/pam_bio/android/app/build/intermediates/dex/debug/mergeProjectDexDebug/14...
[2026-09-08 20:32:40] [PROGRESS] resolve files> Scanning /home/nikita/StudioProjects/pam_bio/android/app/build/intermediates/dex/debug/mergeProjectDexDebug/15...
[2026-09-08 20:32:40] [PROGRESS] resolve files> Scanning /home/nikita/StudioProjects/pam_bio/android/app/build/intermediates/aar_metadata_check...
[2026-09-08 20:32:40] [PROGRESS] resolve files> Scanning /home/nikita/StudioProjects/pam_bio/android/app/build/intermediates/aar_metadata_check/debug...
[2026-09-08 20:32:40] [PROGRESS] resolve files> Scanning /home/nikita/StudioProjects/pam_bio/android/app/build/intermediates/aar_metadata_check/debug/checkDebugAarMetadata...
[2026-09-08 20:32:40] [PROGRESS] resolve files> Scanning /home/nikita/StudioProjects/pam_bio/android/app/build/intermediates/android_res_source_set_path_map...
[2026-09-08 20:32:40] [PROGRESS] resolve files> Scanning /home/nikita/StudioProjects/pam_bio/android/app/build/intermediates/android_res_source_set_path_map/debug...
[2026-09-08 20:32:40] [PROGRESS] resolve files> Scanning /home/nikita/StudioProjects/pam_bio/android/app/build/intermediates/android_res_source_set_path_map/debug/mapDebugSourceSetPaths...
[2026-09-08 20:32:40] [PROGRESS] resolve files> Scanning /home/nikita/StudioProjects/pam_bio/android/app/build/intermediates/compiled_navigation_res...
[2026-09-08 20:32:40] [PROGRESS] resolve files> Scanning /home/nikita/StudioProjects/pam_bio/android/app/build/intermediates/compiled_navigation_res/debug...
[2026-09-08 20:32:40] [PROGRESS] resolve files> Scanning /home/nikita/StudioProjects/pam_bio/android/app/build/intermediates/compiled_navigation_res/debug/compileDebugNavigationResources...
[2026-09-08 20:32:40] [PROGRESS] resolve files> Scanning /home/nikita/StudioProjects/pam_bio/android/app/build/intermediates/merged_res_blame_folder...
[2026-09-08 20:32:40] [PROGRESS] resolve files> Scanning /home/nikita/StudioProjects/pam_bio/android/app/build/intermediates/merged_res_blame_folder/debug...
[2026-09-08 20:32:40] [PROGRESS] resolve files> Scanning /home/nikita/StudioProjects/pam_bio/android/app/build/intermediates/merged_res_blame_folder/debug/mergeDebugResources...
[2026-09-08 20:32:40] [PROGRESS] resolve files> Scanning /home/nikita/StudioProjects/pam_bio/android/app/build/intermediates/merged_res_blame_folder/debug/mergeDebugResources/out...
[2026-09-08 20:32:40] [PROGRESS] resolve files> Scanning /home/nikita/StudioProjects/pam_bio/android/app/build/intermediates/merged_res_blame_folder/debug/mergeDebugResources/out/multi-v2...
[2026-09-08 20:32:40] [PROGRESS] resolve files> Scanning /home/nikita/StudioProjects/pam_bio/android/app/build/intermediates/merged_res_blame_folder/debug/mergeDebugResources/out/single...
[2026-09-08 20:32:40] [PROGRESS] resolve files> Scanning /home/nikita/StudioProjects/pam_bio/android/app/build/intermediates/data_binding_layout_info_type_merge...
[2026-09-08 20:32:40] [PROGRESS] resolve files> Scanning /home/nikita/StudioProjects/pam_bio/android/app/build/intermediates/data_binding_layout_info_type_merge/debug...
[2026-09-08 20:32:40] [PROGRESS] resolve files> Scanning /home/nikita/StudioProjects/pam_bio/android/app/build/intermediates/data_binding_layout_info_type_merge/debug/mergeDebugResources...
[2026-09-08 20:32:40] [PROGRESS] resolve files> Scanning /home/nikita/StudioProjects/pam_bio/android/app/build/intermediates/data_binding_layout_info_type_merge/debug/mergeDebugResources/out...
[2026-09-08 20:32:40] [PROGRESS] resolve files> Scanning /home/nikita/StudioProjects/pam_bio/android/app/build/intermediates/merged_res...
[2026-09-08 20:32:40] [PROGRESS] resolve files> Scanning /home/nikita/StudioProjects/pam_bio/android/app/build/intermediates/merged_res/debug...
[2026-09-08 20:32:40] [PROGRESS] resolve files> Scanning /home/nikita/StudioProjects/pam_bio/android/app/build/intermediates/merged_res/debug/mergeDebugResources...
[2026-09-08 20:32:40] [PROGRESS] resolve files> Scanning /home/nikita/StudioProjects/pam_bio/android/app/build/intermediates/compatible_screen_manifest...
[2026-09-08 20:32:40] [PROGRESS] resolve files> Scanning /home/nikita/StudioProjects/pam_bio/android/app/build/intermediates/compatible_screen_manifest/debug...
[2026-09-08 20:32:40] [PROGRESS] resolve files> Scanning /home/nikita/StudioProjects/pam_bio/android/app/build/intermediates/compatible_screen_manifest/debug/createDebugCompatibleScreenManifests...
[2026-09-08 20:32:40] [PROGRESS] resolve files> Scanning /home/nikita/StudioProjects/pam_bio/android/app/build/intermediates/navigation_json...
[2026-09-08 20:32:40] [PROGRESS] resolve files> Scanning /home/nikita/StudioProjects/pam_bio/android/app/build/intermediates/navigation_json/debug...
[2026-09-08 20:32:40] [PROGRESS] resolve files> Scanning /home/nikita/StudioProjects/pam_bio/android/app/build/intermediates/navigation_json/debug/extractDeepLinksDebug...
[2026-09-08 20:32:40] [PROGRESS] resolve files> Scanning /home/nikita/StudioProjects/pam_bio/android/app/build/intermediates/manifest_merge_blame_file...
[2026-09-08 20:32:40] [PROGRESS] resolve files> Scanning /home/nikita/StudioProjects/pam_bio/android/app/build/intermediates/manifest_merge_blame_file/debug...
[2026-09-08 20:32:40] [PROGRESS] resolve files> Scanning /home/nikita/StudioProjects/pam_bio/android/app/build/intermediates/manifest_merge_blame_file/debug/processDebugMainManifest...
[2026-09-08 20:32:40] [PROGRESS] resolve files> Scanning /home/nikita/StudioProjects/pam_bio/android/app/build/intermediates/merged_manifest...
[2026-09-08 20:32:40] [PROGRESS] resolve files> Scanning /home/nikita/StudioProjects/pam_bio/android/app/build/intermediates/merged_manifest/debug...
[2026-09-08 20:32:40] [PROGRESS] resolve files> Scanning /home/nikita/StudioProjects/pam_bio/android/app/build/intermediates/merged_manifest/debug/processDebugMainManifest...
[2026-09-08 20:32:40] [PROGRESS] resolve files> Scanning /home/nikita/StudioProjects/pam_bio/android/app/build/intermediates/merged_manifests...
[2026-09-08 20:32:40] [PROGRESS] resolve files> Scanning /home/nikita/StudioProjects/pam_bio/android/app/build/intermediates/merged_manifests/debug...
[2026-09-08 20:32:40] [PROGRESS] resolve files> Scanning /home/nikita/StudioProjects/pam_bio/android/app/build/intermediates/merged_manifests/debug/processDebugManifest...
[2026-09-08 20:32:40] [PROGRESS] resolve files> Scanning /home/nikita/StudioProjects/pam_bio/android/app/build/intermediates/merged_manifests/debug/processDebugManifest/universal...
[2026-09-08 20:32:40] [PROGRESS] resolve files> Scanning /home/nikita/StudioProjects/pam_bio/android/app/build/intermediates/merged_manifests/debug/processDebugManifest/armeabi-v7a...
[2026-09-08 20:32:40] [PROGRESS] resolve files> Scanning /home/nikita/StudioProjects/pam_bio/android/app/build/intermediates/merged_manifests/debug/processDebugManifest/x86_64...
[2026-09-08 20:32:40] [PROGRESS] resolve files> Scanning /home/nikita/StudioProjects/pam_bio/android/app/build/intermediates/merged_manifests/debug/processDebugManifest/x86...
[2026-09-08 20:32:40] [PROGRESS] resolve files> Scanning /home/nikita/StudioProjects/pam_bio/android/app/build/intermediates/merged_manifests/debug/processDebugManifest/arm64-v8a...
[2026-09-08 20:32:40] [PROGRESS] resolve files> Scanning /home/nikita/StudioProjects/pam_bio/android/app/build/intermediates/packaged_manifests...
[2026-09-08 20:32:40] [PROGRESS] resolve files> Scanning /home/nikita/StudioProjects/pam_bio/android/app/build/intermediates/packaged_manifests/debug...
[2026-09-08 20:32:40] [PROGRESS] resolve files> Scanning /home/nikita/StudioProjects/pam_bio/android/app/build/intermediates/packaged_manifests/debug/processDebugManifestForPackage...
[2026-09-08 20:32:40] [PROGRESS] resolve files> Scanning /home/nikita/StudioProjects/pam_bio/android/app/build/intermediates/packaged_manifests/debug/processDebugManifestForPackage/universal...
[2026-09-08 20:32:40] [PROGRESS] resolve files> Scanning /home/nikita/StudioProjects/pam_bio/android/app/build/intermediates/packaged_manifests/debug/processDebugManifestForPackage/x86_64...
[2026-09-08 20:32:40] [PROGRESS] resolve files> Scanning /home/nikita/StudioProjects/pam_bio/android/app/build/intermediates/packaged_manifests/debug/processDebugManifestForPackage/armeabi-v7a...
[2026-09-08 20:32:40] [PROGRESS] resolve files> Scanning /home/nikita/StudioProjects/pam_bio/android/app/build/intermediates/packaged_manifests/debug/processDebugManifestForPackage/x86...
[2026-09-08 20:32:40] [PROGRESS] resolve files> Scanning /home/nikita/StudioProjects/pam_bio/android/app/build/intermediates/packaged_manifests/debug/processDebugManifestForPackage/arm64-v8a...
[2026-09-08 20:32:40] [PROGRESS] resolve files> Scanning /home/nikita/StudioProjects/pam_bio/android/app/build/intermediates/merged_jni_libs...
[2026-09-08 20:32:40] [PROGRESS] resolve files> Scanning /home/nikita/StudioProjects/pam_bio/android/app/build/intermediates/merged_jni_libs/debug...
[2026-09-08 20:32:40] [PROGRESS] resolve files> Scanning /home/nikita/StudioProjects/pam_bio/android/app/build/intermediates/merged_jni_libs/debug/mergeDebugJniLibFolders...
[2026-09-08 20:32:40] [PROGRESS] resolve files> Scanning /home/nikita/StudioProjects/pam_bio/android/app/build/intermediates/merged_jni_libs/debug/mergeDebugJniLibFolders/out...
[2026-09-08 20:32:40] [PROGRESS] resolve files> Scanning /home/nikita/StudioProjects/pam_bio/android/app/build/intermediates/merged_native_libs...
[2026-09-08 20:32:40] [PROGRESS] resolve files> Scanning /home/nikita/StudioProjects/pam_bio/android/app/build/intermediates/merged_native_libs/debug...
[2026-09-08 20:32:40] [PROGRESS] resolve files> Scanning /home/nikita/StudioProjects/pam_bio/android/app/build/intermediates/merged_native_libs/debug/mergeDebugNativeLibs...
[2026-09-08 20:32:40] [PROGRESS] resolve files> Scanning /home/nikita/StudioProjects/pam_bio/android/app/build/intermediates/merged_native_libs/debug/mergeDebugNativeLibs/out...
[2026-09-08 20:32:40] [PROGRESS] resolve files> Scanning /home/nikita/StudioProjects/pam_bio/android/app/build/intermediates/merged_native_libs/debug/mergeDebugNativeLibs/out/lib...
[2026-09-08 20:32:40] [PROGRESS] resolve files> Scanning /home/nikita/StudioProjects/pam_bio/android/app/build/intermediates/merged_native_libs/debug/mergeDebugNativeLibs/out/lib/arm64-v8a...
[2026-09-08 20:32:40] [PROGRESS] resolve files> Scanning /home/nikita/StudioProjects/pam_bio/android/app/build/intermediates/merged_native_libs/debug/mergeDebugNativeLibs/out/lib/armeabi-v7a...
[2026-09-08 20:32:40] [PROGRESS] resolve files> Scanning /home/nikita/StudioProjects/pam_bio/android/app/build/intermediates/merged_native_libs/debug/mergeDebugNativeLibs/out/lib/x86...
[2026-09-08 20:32:40] [PROGRESS] resolve files> Scanning /home/nikita/StudioProjects/pam_bio/android/app/build/intermediates/merged_native_libs/debug/mergeDebugNativeLibs/out/lib/x86_64...
[2026-09-08 20:32:40] [PROGRESS] resolve files> Scanning /home/nikita/StudioProjects/pam_bio/android/app/build/intermediates/merged_test_only_native_libs...
[2026-09-08 20:32:40] [PROGRESS] resolve files> Scanning /home/nikita/StudioProjects/pam_bio/android/app/build/intermediates/merged_test_only_native_libs/debug...
[2026-09-08 20:32:40] [PROGRESS] resolve files> Scanning /home/nikita/StudioProjects/pam_bio/android/app/build/intermediates/merged_test_only_native_libs/debug/mergeDebugNativeLibs...
[2026-09-08 20:32:40] [PROGRESS] resolve files> Scanning /home/nikita/StudioProjects/pam_bio/android/app/build/intermediates/merged_test_only_native_libs/debug/mergeDebugNativeLibs/out...
[2026-09-08 20:32:40] [PROGRESS] resolve files> Scanning /home/nikita/StudioProjects/pam_bio/android/app/build/intermediates/validate_signing_config...
[2026-09-08 20:32:40] [PROGRESS] resolve files> Scanning /home/nikita/StudioProjects/pam_bio/android/app/build/intermediates/validate_signing_config/debug...
[2026-09-08 20:32:40] [PROGRESS] resolve files> Scanning /home/nikita/StudioProjects/pam_bio/android/app/build/intermediates/validate_signing_config/debug/validateSigningDebug...
[2026-09-08 20:32:40] [PROGRESS] resolve files> Scanning /home/nikita/StudioProjects/pam_bio/android/app/build/intermediates/app_metadata...
[2026-09-08 20:32:40] [PROGRESS] resolve files> Scanning /home/nikita/StudioProjects/pam_bio/android/app/build/intermediates/app_metadata/debug...
[2026-09-08 20:32:40] [PROGRESS] resolve files> Scanning /home/nikita/StudioProjects/pam_bio/android/app/build/intermediates/app_metadata/debug/writeDebugAppMetadata...
[2026-09-08 20:32:40] [PROGRESS] resolve files> Scanning /home/nikita/StudioProjects/pam_bio/android/app/build/intermediates/compile_and_runtime_r_class_jar...
[2026-09-08 20:32:40] [PROGRESS] resolve files> Scanning /home/nikita/StudioProjects/pam_bio/android/app/build/intermediates/compile_and_runtime_r_class_jar/debug...
[2026-09-08 20:32:40] [PROGRESS] resolve files> Scanning /home/nikita/StudioProjects/pam_bio/android/app/build/intermediates/compile_and_runtime_r_class_jar/debug/processDebugResources...
[2026-09-08 20:32:40] [PROGRESS] resolve files> Scanning /home/nikita/StudioProjects/pam_bio/android/app/build/intermediates/linked_resources_binary_format...
[2026-09-08 20:32:40] [PROGRESS] resolve files> Scanning /home/nikita/StudioProjects/pam_bio/android/app/build/intermediates/linked_resources_binary_format/debug...
[2026-09-08 20:32:40] [PROGRESS] resolve files> Scanning /home/nikita/StudioProjects/pam_bio/android/app/build/intermediates/linked_resources_binary_format/debug/processDebugResources...
[2026-09-08 20:32:40] [PROGRESS] resolve files> Scanning /home/nikita/StudioProjects/pam_bio/android/app/build/intermediates/stable_resource_ids_file...
[2026-09-08 20:32:40] [PROGRESS] resolve files> Scanning /home/nikita/StudioProjects/pam_bio/android/app/build/intermediates/stable_resource_ids_file/debug...
[2026-09-08 20:32:40] [PROGRESS] resolve files> Scanning /home/nikita/StudioProjects/pam_bio/android/app/build/intermediates/stable_resource_ids_file/debug/processDebugResources...
[2026-09-08 20:32:40] [PROGRESS] resolve files> Scanning /home/nikita/StudioProjects/pam_bio/android/app/build/intermediates/runtime_symbol_list...
[2026-09-08 20:32:40] [PROGRESS] resolve files> Scanning /home/nikita/StudioProjects/pam_bio/android/app/build/intermediates/runtime_symbol_list/debug...
[2026-09-08 20:32:40] [PROGRESS] resolve files> Scanning /home/nikita/StudioProjects/pam_bio/android/app/build/intermediates/runtime_symbol_list/debug/processDebugResources...
[2026-09-08 20:32:40] [PROGRESS] resolve files> Scanning /home/nikita/StudioProjects/pam_bio/android/app/build/intermediates/stripped_native_libs...
[2026-09-08 20:32:40] [PROGRESS] resolve files> Scanning /home/nikita/StudioProjects/pam_bio/android/app/build/intermediates/stripped_native_libs/debug...
[2026-09-08 20:32:40] [PROGRESS] resolve files> Scanning /home/nikita/StudioProjects/pam_bio/android/app/build/intermediates/stripped_native_libs/debug/stripDebugDebugSymbols...
[2026-09-08 20:32:40] [PROGRESS] resolve files> Scanning /home/nikita/StudioProjects/pam_bio/android/app/build/intermediates/stripped_native_libs/debug/stripDebugDebugSymbols/out...
[2026-09-08 20:32:40] [PROGRESS] resolve files> Scanning /home/nikita/StudioProjects/pam_bio/android/app/build/intermediates/stripped_native_libs/debug/stripDebugDebugSymbols/out/lib...
[2026-09-08 20:32:40] [PROGRESS] resolve files> Scanning /home/nikita/StudioProjects/pam_bio/android/app/build/intermediates/stripped_native_libs/debug/stripDebugDebugSymbols/out/lib/arm64-v8a...
[2026-09-08 20:32:40] [PROGRESS] resolve files> Scanning /home/nikita/StudioProjects/pam_bio/android/app/build/intermediates/stripped_native_libs/debug/stripDebugDebugSymbols/out/lib/armeabi-v7a...
[2026-09-08 20:32:40] [PROGRESS] resolve files> Scanning /home/nikita/StudioProjects/pam_bio/android/app/build/intermediates/stripped_native_libs/debug/stripDebugDebugSymbols/out/lib/x86...
[2026-09-08 20:32:40] [PROGRESS] resolve files> Scanning /home/nikita/StudioProjects/pam_bio/android/app/build/intermediates/stripped_native_libs/debug/stripDebugDebugSymbols/out/lib/x86_64...
[2026-09-08 20:32:40] [PROGRESS] resolve files> Scanning /home/nikita/StudioProjects/pam_bio/android/app/build/intermediates/signing_config_versions...
[2026-09-08 20:32:40] [PROGRESS] resolve files> Scanning /home/nikita/StudioProjects/pam_bio/android/app/build/intermediates/signing_config_versions/debug...
[2026-09-08 20:32:40] [PROGRESS] resolve files> Scanning /home/nikita/StudioProjects/pam_bio/android/app/build/intermediates/signing_config_versions/debug/writeDebugSigningConfigVersions...
[2026-09-08 20:32:40] [PROGRESS] resolve files> Scanning /home/nikita/StudioProjects/pam_bio/android/app/build/intermediates/javac...
[2026-09-08 20:32:40] [PROGRESS] resolve files> Scanning /home/nikita/StudioProjects/pam_bio/android/app/build/intermediates/javac/debug...
[2026-09-08 20:32:40] [PROGRESS] resolve files> Scanning /home/nikita/StudioProjects/pam_bio/android/app/build/intermediates/javac/debug/compileDebugJavaWithJavac...
[2026-09-08 20:32:40] [PROGRESS] resolve files> Scanning /home/nikita/StudioProjects/pam_bio/android/app/build/intermediates/javac/debug/compileDebugJavaWithJavac/classes...
[2026-09-08 20:32:40] [PROGRESS] resolve files> Scanning /home/nikita/StudioProjects/pam_bio/android/app/build/intermediates/javac/debug/compileDebugJavaWithJavac/classes/ovh...
[2026-09-08 20:32:40] [PROGRESS] resolve files> Scanning /home/nikita/StudioProjects/pam_bio/android/app/build/intermediates/javac/debug/compileDebugJavaWithJavac/classes/ovh/dep...
[2026-09-08 20:32:40] [PROGRESS] resolve files> Scanning /home/nikita/StudioProjects/pam_bio/android/app/build/intermediates/javac/debug/compileDebugJavaWithJavac/classes/ovh/dep/pam...
[2026-09-08 20:32:40] [PROGRESS] resolve files> Scanning /home/nikita/StudioProjects/pam_bio/android/app/build/intermediates/java_res...
[2026-09-08 20:32:40] [PROGRESS] resolve files> Scanning /home/nikita/StudioProjects/pam_bio/android/app/build/intermediates/java_res/debug...
[2026-09-08 20:32:40] [PROGRESS] resolve files> Scanning /home/nikita/StudioProjects/pam_bio/android/app/build/intermediates/java_res/debug/processDebugJavaRes...
[2026-09-08 20:32:40] [PROGRESS] resolve files> Scanning /home/nikita/StudioProjects/pam_bio/android/app/build/intermediates/java_res/debug/processDebugJavaRes/out...
[2026-09-08 20:32:40] [PROGRESS] resolve files> Scanning /home/nikita/StudioProjects/pam_bio/android/app/build/intermediates/java_res/debug/processDebugJavaRes/out/META-INF...
[2026-09-08 20:32:40] [PROGRESS] resolve files> Scanning /home/nikita/StudioProjects/pam_bio/android/app/build/intermediates/java_res/debug/processDebugJavaRes/out/ovh...
[2026-09-08 20:32:40] [PROGRESS] resolve files> Scanning /home/nikita/StudioProjects/pam_bio/android/app/build/intermediates/java_res/debug/processDebugJavaRes/out/ovh/dep...
[2026-09-08 20:32:40] [PROGRESS] resolve files> Scanning /home/nikita/StudioProjects/pam_bio/android/app/build/intermediates/java_res/debug/processDebugJavaRes/out/ovh/dep/pam...
[2026-09-08 20:32:40] [PROGRESS] resolve files> Scanning /home/nikita/StudioProjects/pam_bio/android/app/build/intermediates/java_res/debug/processDebugJavaRes/out/ovh/dep/pam/ui...
[2026-09-08 20:32:40] [PROGRESS] resolve files> Scanning /home/nikita/StudioProjects/pam_bio/android/app/build/intermediates/java_res/debug/processDebugJavaRes/out/ovh/dep/pam/ui/scan...
[2026-09-08 20:32:40] [PROGRESS] resolve files> Scanning /home/nikita/StudioProjects/pam_bio/android/app/build/intermediates/java_res/debug/processDebugJavaRes/out/ovh/dep/pam/ui/about...
[2026-09-08 20:32:40] [PROGRESS] resolve files> Scanning /home/nikita/StudioProjects/pam_bio/android/app/build/intermediates/java_res/debug/processDebugJavaRes/out/ovh/dep/pam/ui/history...
[2026-09-08 20:32:40] [PROGRESS] resolve files> Scanning /home/nikita/StudioProjects/pam_bio/android/app/build/intermediates/java_res/debug/processDebugJavaRes/out/ovh/dep/pam/ui/theme...
[2026-09-08 20:32:40] [PROGRESS] resolve files> Scanning /home/nikita/StudioProjects/pam_bio/android/app/build/intermediates/java_res/debug/processDebugJavaRes/out/ovh/dep/pam/ui/home...
[2026-09-08 20:32:40] [PROGRESS] resolve files> Scanning /home/nikita/StudioProjects/pam_bio/android/app/build/intermediates/java_res/debug/processDebugJavaRes/out/ovh/dep/pam/ui/settings...
[2026-09-08 20:32:40] [PROGRESS] resolve files> Scanning /home/nikita/StudioProjects/pam_bio/android/app/build/intermediates/java_res/debug/processDebugJavaRes/out/ovh/dep/pam/data...
[2026-09-08 20:32:40] [PROGRESS] resolve files> Scanning /home/nikita/StudioProjects/pam_bio/android/app/build/intermediates/java_res/debug/processDebugJavaRes/out/ovh/dep/pam/data/history...
[2026-09-08 20:32:40] [PROGRESS] resolve files> Scanning /home/nikita/StudioProjects/pam_bio/android/app/build/intermediates/java_res/debug/processDebugJavaRes/out/ovh/dep/pam/service...
[2026-09-08 20:32:40] [PROGRESS] resolve files> Scanning /home/nikita/StudioProjects/pam_bio/android/app/build/intermediates/java_res/debug/processDebugJavaRes/out/ovh/dep/pam/network...
[2026-09-08 20:32:40] [PROGRESS] resolve files> Scanning /home/nikita/StudioProjects/pam_bio/android/app/build/intermediates/java_res/debug/processDebugJavaRes/out/ovh/dep/pam/crypto...
[2026-09-08 20:32:40] [PROGRESS] resolve files> Scanning /home/nikita/StudioProjects/pam_bio/android/app/build/intermediates/merged_java_res...
[2026-09-08 20:32:40] [PROGRESS] resolve files> Scanning /home/nikita/StudioProjects/pam_bio/android/app/build/intermediates/merged_java_res/debug...
[2026-09-08 20:32:40] [PROGRESS] resolve files> Scanning /home/nikita/StudioProjects/pam_bio/android/app/build/intermediates/merged_java_res/debug/mergeDebugJavaResource...
[2026-09-08 20:32:40] [PROGRESS] resolve files> Scanning /home/nikita/StudioProjects/pam_bio/android/app/build/intermediates/external_libs_dex_archive_with_artifact_transforms...
[2026-09-08 20:32:40] [PROGRESS] resolve files> Scanning /home/nikita/StudioProjects/pam_bio/android/app/build/intermediates/external_libs_dex_archive_with_artifact_transforms/debug...
[2026-09-08 20:32:40] [PROGRESS] resolve files> Scanning /home/nikita/StudioProjects/pam_bio/android/app/build/intermediates/external_libs_dex_archive_with_artifact_transforms/debug/dexBuilderDebug...
[2026-09-08 20:32:40] [PROGRESS] resolve files> Scanning /home/nikita/StudioProjects/pam_bio/android/app/build/intermediates/external_libs_dex_archive_with_artifact_transforms/debug/dexBuilderDebug/out...
[2026-09-08 20:32:40] [PROGRESS] resolve files> Scanning /home/nikita/StudioProjects/pam_bio/android/app/build/intermediates/global_synthetics_external_libs_artifact_transform...
[2026-09-08 20:32:40] [PROGRESS] resolve files> Scanning /home/nikita/StudioProjects/pam_bio/android/app/build/intermediates/global_synthetics_external_libs_artifact_transform/debug...
[2026-09-08 20:32:40] [PROGRESS] resolve files> Scanning /home/nikita/StudioProjects/pam_bio/android/app/build/intermediates/global_synthetics_external_libs_artifact_transform/debug/dexBuilderDebug...
[2026-09-08 20:32:40] [PROGRESS] resolve files> Scanning /home/nikita/StudioProjects/pam_bio/android/app/build/intermediates/global_synthetics_external_libs_artifact_transform/debug/dexBuilderDebug/out...
[2026-09-08 20:32:40] [PROGRESS] resolve files> Scanning /home/nikita/StudioProjects/pam_bio/android/app/build/intermediates/external_libs_dex_archive...
[2026-09-08 20:32:40] [PROGRESS] resolve files> Scanning /home/nikita/StudioProjects/pam_bio/android/app/build/intermediates/external_libs_dex_archive/debug...
[2026-09-08 20:32:40] [PROGRESS] resolve files> Scanning /home/nikita/StudioProjects/pam_bio/android/app/build/intermediates/external_libs_dex_archive/debug/dexBuilderDebug...
[2026-09-08 20:32:40] [PROGRESS] resolve files> Scanning /home/nikita/StudioProjects/pam_bio/android/app/build/intermediates/external_libs_dex_archive/debug/dexBuilderDebug/out...
[2026-09-08 20:32:40] [PROGRESS] resolve files> Scanning /home/nikita/StudioProjects/pam_bio/android/app/build/intermediates/global_synthetics_external_lib...
[2026-09-08 20:32:40] [PROGRESS] resolve files> Scanning /home/nikita/StudioProjects/pam_bio/android/app/build/intermediates/global_synthetics_external_lib/debug...
[2026-09-08 20:32:40] [PROGRESS] resolve files> Scanning /home/nikita/StudioProjects/pam_bio/android/app/build/intermediates/global_synthetics_external_lib/debug/dexBuilderDebug...
[2026-09-08 20:32:40] [PROGRESS] resolve files> Scanning /home/nikita/StudioProjects/pam_bio/android/app/build/intermediates/global_synthetics_external_lib/debug/dexBuilderDebug/out...
[2026-09-08 20:32:40] [PROGRESS] resolve files> Scanning /home/nikita/StudioProjects/pam_bio/android/app/build/intermediates/mixed_scope_dex_archive...
[2026-09-08 20:32:40] [PROGRESS] resolve files> Scanning /home/nikita/StudioProjects/pam_bio/android/app/build/intermediates/mixed_scope_dex_archive/debug...
[2026-09-08 20:32:40] [PROGRESS] resolve files> Scanning /home/nikita/StudioProjects/pam_bio/android/app/build/intermediates/mixed_scope_dex_archive/debug/dexBuilderDebug...
[2026-09-08 20:32:40] [PROGRESS] resolve files> Scanning /home/nikita/StudioProjects/pam_bio/android/app/build/intermediates/mixed_scope_dex_archive/debug/dexBuilderDebug/out...
[2026-09-08 20:32:40] [PROGRESS] resolve files> Scanning /home/nikita/StudioProjects/pam_bio/android/app/build/intermediates/global_synthetics_mixed_scope...
[2026-09-08 20:32:40] [PROGRESS] resolve files> Scanning /home/nikita/StudioProjects/pam_bio/android/app/build/intermediates/global_synthetics_mixed_scope/debug...
[2026-09-08 20:32:40] [PROGRESS] resolve files> Scanning /home/nikita/StudioProjects/pam_bio/android/app/build/intermediates/global_synthetics_mixed_scope/debug/dexBuilderDebug...
[2026-09-08 20:32:40] [PROGRESS] resolve files> Scanning /home/nikita/StudioProjects/pam_bio/android/app/build/intermediates/global_synthetics_mixed_scope/debug/dexBuilderDebug/out...
[2026-09-08 20:32:40] [PROGRESS] resolve files> Scanning /home/nikita/StudioProjects/pam_bio/android/app/build/intermediates/project_dex_archive...
[2026-09-08 20:32:40] [PROGRESS] resolve files> Scanning /home/nikita/StudioProjects/pam_bio/android/app/build/intermediates/project_dex_archive/debug...
[2026-09-08 20:32:40] [PROGRESS] resolve files> Scanning /home/nikita/StudioProjects/pam_bio/android/app/build/intermediates/project_dex_archive/debug/dexBuilderDebug...
[2026-09-08 20:32:40] [PROGRESS] resolve files> Scanning /home/nikita/StudioProjects/pam_bio/android/app/build/intermediates/project_dex_archive/debug/dexBuilderDebug/out...
[2026-09-08 20:32:40] [PROGRESS] resolve files> Scanning /home/nikita/StudioProjects/pam_bio/android/app/build/intermediates/project_dex_archive/debug/dexBuilderDebug/out/ovh...
[2026-09-08 20:32:40] [PROGRESS] resolve files> Scanning /home/nikita/StudioProjects/pam_bio/android/app/build/intermediates/project_dex_archive/debug/dexBuilderDebug/out/ovh/dep...
[2026-09-08 20:32:40] [PROGRESS] resolve files> Scanning /home/nikita/StudioProjects/pam_bio/android/app/build/intermediates/project_dex_archive/debug/dexBuilderDebug/out/ovh/dep/pam...
[2026-09-08 20:32:40] [PROGRESS] resolve files> Scanning /home/nikita/StudioProjects/pam_bio/android/app/build/intermediates/project_dex_archive/debug/dexBuilderDebug/out/ovh/dep/pam/network...
[2026-09-08 20:32:40] [PROGRESS] resolve files> Scanning /home/nikita/StudioProjects/pam_bio/android/app/build/intermediates/project_dex_archive/debug/dexBuilderDebug/out/ovh/dep/pam/crypto...
[2026-09-08 20:32:40] [PROGRESS] resolve files> Scanning /home/nikita/StudioProjects/pam_bio/android/app/build/intermediates/project_dex_archive/debug/dexBuilderDebug/out/ovh/dep/pam/data...
[2026-09-08 20:32:40] [PROGRESS] resolve files> Scanning /home/nikita/StudioProjects/pam_bio/android/app/build/intermediates/project_dex_archive/debug/dexBuilderDebug/out/ovh/dep/pam/data/history...
[2026-09-08 20:32:40] [PROGRESS] resolve files> Scanning /home/nikita/StudioProjects/pam_bio/android/app/build/intermediates/project_dex_archive/debug/dexBuilderDebug/out/ovh/dep/pam/ui...
[2026-09-08 20:32:40] [PROGRESS] resolve files> Scanning /home/nikita/StudioProjects/pam_bio/android/app/build/intermediates/project_dex_archive/debug/dexBuilderDebug/out/ovh/dep/pam/ui/home...
[2026-09-08 20:32:40] [PROGRESS] resolve files> Scanning /home/nikita/StudioProjects/pam_bio/android/app/build/intermediates/project_dex_archive/debug/dexBuilderDebug/out/ovh/dep/pam/ui/history...
[2026-09-08 20:32:40] [PROGRESS] resolve files> Scanning /home/nikita/StudioProjects/pam_bio/android/app/build/intermediates/project_dex_archive/debug/dexBuilderDebug/out/ovh/dep/pam/ui/about...
[2026-09-08 20:32:40] [PROGRESS] resolve files> Scanning /home/nikita/StudioProjects/pam_bio/android/app/build/intermediates/project_dex_archive/debug/dexBuilderDebug/out/ovh/dep/pam/ui/theme...
[2026-09-08 20:32:40] [PROGRESS] resolve files> Scanning /home/nikita/StudioProjects/pam_bio/android/app/build/intermediates/project_dex_archive/debug/dexBuilderDebug/out/ovh/dep/pam/ui/scan...
[2026-09-08 20:32:40] [PROGRESS] resolve files> Scanning /home/nikita/StudioProjects/pam_bio/android/app/build/intermediates/project_dex_archive/debug/dexBuilderDebug/out/ovh/dep/pam/ui/settings...
[2026-09-08 20:32:40] [PROGRESS] resolve files> Scanning /home/nikita/StudioProjects/pam_bio/android/app/build/intermediates/project_dex_archive/debug/dexBuilderDebug/out/ovh/dep/pam/service...
[2026-09-08 20:32:40] [PROGRESS] resolve files> Scanning /home/nikita/StudioProjects/pam_bio/android/app/build/intermediates/global_synthetics_project...
[2026-09-08 20:32:40] [PROGRESS] resolve files> Scanning /home/nikita/StudioProjects/pam_bio/android/app/build/intermediates/global_synthetics_project/debug...
[2026-09-08 20:32:40] [PROGRESS] resolve files> Scanning /home/nikita/StudioProjects/pam_bio/android/app/build/intermediates/global_synthetics_project/debug/dexBuilderDebug...
[2026-09-08 20:32:40] [PROGRESS] resolve files> Scanning /home/nikita/StudioProjects/pam_bio/android/app/build/intermediates/global_synthetics_project/debug/dexBuilderDebug/out...
[2026-09-08 20:32:40] [PROGRESS] resolve files> Scanning /home/nikita/StudioProjects/pam_bio/android/app/build/intermediates/sub_project_dex_archive...
[2026-09-08 20:32:40] [PROGRESS] resolve files> Scanning /home/nikita/StudioProjects/pam_bio/android/app/build/intermediates/sub_project_dex_archive/debug...
[2026-09-08 20:32:40] [PROGRESS] resolve files> Scanning /home/nikita/StudioProjects/pam_bio/android/app/build/intermediates/sub_project_dex_archive/debug/dexBuilderDebug...
[2026-09-08 20:32:40] [PROGRESS] resolve files> Scanning /home/nikita/StudioProjects/pam_bio/android/app/build/intermediates/sub_project_dex_archive/debug/dexBuilderDebug/out...
[2026-09-08 20:32:40] [PROGRESS] resolve files> Scanning /home/nikita/StudioProjects/pam_bio/android/app/build/intermediates/global_synthetics_subproject...
[2026-09-08 20:32:40] [PROGRESS] resolve files> Scanning /home/nikita/StudioProjects/pam_bio/android/app/build/intermediates/global_synthetics_subproject/debug...
[2026-09-08 20:32:40] [PROGRESS] resolve files> Scanning /home/nikita/StudioProjects/pam_bio/android/app/build/intermediates/global_synthetics_subproject/debug/dexBuilderDebug...
[2026-09-08 20:32:40] [PROGRESS] resolve files> Scanning /home/nikita/StudioProjects/pam_bio/android/app/build/intermediates/global_synthetics_subproject/debug/dexBuilderDebug/out...
[2026-09-08 20:32:40] [PROGRESS] resolve files> Scanning /home/nikita/StudioProjects/pam_bio/android/app/build/intermediates/desugar_graph...
[2026-09-08 20:32:40] [PROGRESS] resolve files> Scanning /home/nikita/StudioProjects/pam_bio/android/app/build/intermediates/desugar_graph/debug...
[2026-09-08 20:32:40] [PROGRESS] resolve files> Scanning /home/nikita/StudioProjects/pam_bio/android/app/build/intermediates/desugar_graph/debug/dexBuilderDebug...
[2026-09-08 20:32:40] [PROGRESS] resolve files> Scanning /home/nikita/StudioProjects/pam_bio/android/app/build/intermediates/desugar_graph/debug/dexBuilderDebug/out...
[2026-09-08 20:32:40] [PROGRESS] resolve files> Scanning /home/nikita/StudioProjects/pam_bio/android/app/build/intermediates/desugar_graph/debug/dexBuilderDebug/out/currentProject...
[2026-09-08 20:32:40] [PROGRESS] resolve files> Scanning /home/nikita/StudioProjects/pam_bio/android/app/build/intermediates/desugar_graph/debug/dexBuilderDebug/out/currentProject/jar_a2ac5a1e5eae7e52ab419ed81e7893010c676b4365a27fd221b184c5837065f9_bucket_0...
[2026-09-08 20:32:40] [PROGRESS] resolve files> Scanning /home/nikita/StudioProjects/pam_bio/android/app/build/intermediates/desugar_graph/debug/dexBuilderDebug/out/currentProject/jar_a2ac5a1e5eae7e52ab419ed81e7893010c676b4365a27fd221b184c5837065f9_bucket_5...
[2026-09-08 20:32:40] [PROGRESS] resolve files> Scanning /home/nikita/StudioProjects/pam_bio/android/app/build/intermediates/desugar_graph/debug/dexBuilderDebug/out/currentProject/jar_a2ac5a1e5eae7e52ab419ed81e7893010c676b4365a27fd221b184c5837065f9_bucket_1...
[2026-09-08 20:32:40] [PROGRESS] resolve files> Scanning /home/nikita/StudioProjects/pam_bio/android/app/build/intermediates/desugar_graph/debug/dexBuilderDebug/out/currentProject/jar_a2ac5a1e5eae7e52ab419ed81e7893010c676b4365a27fd221b184c5837065f9_bucket_4...
[2026-09-08 20:32:40] [PROGRESS] resolve files> Scanning /home/nikita/StudioProjects/pam_bio/android/app/build/intermediates/desugar_graph/debug/dexBuilderDebug/out/currentProject/jar_a2ac5a1e5eae7e52ab419ed81e7893010c676b4365a27fd221b184c5837065f9_bucket_2...
[2026-09-08 20:32:40] [PROGRESS] resolve files> Scanning /home/nikita/StudioProjects/pam_bio/android/app/build/intermediates/desugar_graph/debug/dexBuilderDebug/out/currentProject/jar_a2ac5a1e5eae7e52ab419ed81e7893010c676b4365a27fd221b184c5837065f9_bucket_3...
[2026-09-08 20:32:40] [PROGRESS] resolve files> Scanning /home/nikita/StudioProjects/pam_bio/android/app/build/intermediates/desugar_graph/debug/dexBuilderDebug/out/currentProject/dirs_bucket_1...
[2026-09-08 20:32:40] [PROGRESS] resolve files> Scanning /home/nikita/StudioProjects/pam_bio/android/app/build/intermediates/desugar_graph/debug/dexBuilderDebug/out/currentProject/dirs_bucket_3...
[2026-09-08 20:32:40] [PROGRESS] resolve files> Scanning /home/nikita/StudioProjects/pam_bio/android/app/build/intermediates/desugar_graph/debug/dexBuilderDebug/out/currentProject/dirs_bucket_2...
[2026-09-08 20:32:40] [PROGRESS] resolve files> Scanning /home/nikita/StudioProjects/pam_bio/android/app/build/intermediates/desugar_graph/debug/dexBuilderDebug/out/currentProject/dirs_bucket_4...
[2026-09-08 20:32:40] [PROGRESS] resolve files> Scanning /home/nikita/StudioProjects/pam_bio/android/app/build/intermediates/desugar_graph/debug/dexBuilderDebug/out/currentProject/dirs_bucket_0...
[2026-09-08 20:32:40] [PROGRESS] resolve files> Scanning /home/nikita/StudioProjects/pam_bio/android/app/build/intermediates/desugar_graph/debug/dexBuilderDebug/out/currentProject/dirs_bucket_5...
[2026-09-08 20:32:40] [PROGRESS] resolve files> Scanning /home/nikita/StudioProjects/pam_bio/android/app/build/intermediates/desugar_graph/debug/dexBuilderDebug/out/otherProjects...
[2026-09-08 20:32:40] [PROGRESS] resolve files> Scanning /home/nikita/StudioProjects/pam_bio/android/app/build/intermediates/desugar_graph/debug/dexBuilderDebug/out/otherProjects/dirs_bucket_0...
[2026-09-08 20:32:40] [PROGRESS] resolve files> Scanning /home/nikita/StudioProjects/pam_bio/android/app/build/intermediates/desugar_graph/debug/dexBuilderDebug/out/otherProjects/dirs_bucket_1...
[2026-09-08 20:32:40] [PROGRESS] resolve files> Scanning /home/nikita/StudioProjects/pam_bio/android/app/build/intermediates/desugar_graph/debug/dexBuilderDebug/out/otherProjects/dirs_bucket_2...
[2026-09-08 20:32:40] [PROGRESS] resolve files> Scanning /home/nikita/StudioProjects/pam_bio/android/app/build/intermediates/desugar_graph/debug/dexBuilderDebug/out/otherProjects/dirs_bucket_3...
[2026-09-08 20:32:40] [PROGRESS] resolve files> Scanning /home/nikita/StudioProjects/pam_bio/android/app/build/intermediates/desugar_graph/debug/dexBuilderDebug/out/otherProjects/dirs_bucket_4...
[2026-09-08 20:32:40] [PROGRESS] resolve files> Scanning /home/nikita/StudioProjects/pam_bio/android/app/build/intermediates/desugar_graph/debug/dexBuilderDebug/out/otherProjects/dirs_bucket_5...
[2026-09-08 20:32:40] [PROGRESS] resolve files> Scanning /home/nikita/StudioProjects/pam_bio/android/app/build/intermediates/desugar_graph/debug/dexBuilderDebug/out/mixedScopes...
[2026-09-08 20:32:40] [PROGRESS] resolve files> Scanning /home/nikita/StudioProjects/pam_bio/android/app/build/intermediates/desugar_graph/debug/dexBuilderDebug/out/mixedScopes/dirs_bucket_0...
[2026-09-08 20:32:40] [PROGRESS] resolve files> Scanning /home/nikita/StudioProjects/pam_bio/android/app/build/intermediates/desugar_graph/debug/dexBuilderDebug/out/mixedScopes/dirs_bucket_1...
[2026-09-08 20:32:40] [PROGRESS] resolve files> Scanning /home/nikita/StudioProjects/pam_bio/android/app/build/intermediates/desugar_graph/debug/dexBuilderDebug/out/mixedScopes/dirs_bucket_3...
[2026-09-08 20:32:40] [PROGRESS] resolve files> Scanning /home/nikita/StudioProjects/pam_bio/android/app/build/intermediates/desugar_graph/debug/dexBuilderDebug/out/mixedScopes/dirs_bucket_4...
[2026-09-08 20:32:40] [PROGRESS] resolve files> Scanning /home/nikita/StudioProjects/pam_bio/android/app/build/intermediates/desugar_graph/debug/dexBuilderDebug/out/mixedScopes/dirs_bucket_5...
[2026-09-08 20:32:40] [PROGRESS] resolve files> Scanning /home/nikita/StudioProjects/pam_bio/android/app/build/intermediates/desugar_graph/debug/dexBuilderDebug/out/mixedScopes/dirs_bucket_2...
[2026-09-08 20:32:40] [PROGRESS] resolve files> Scanning /home/nikita/StudioProjects/pam_bio/android/app/build/intermediates/desugar_graph/debug/dexBuilderDebug/out/externalLibs...
[2026-09-08 20:32:40] [PROGRESS] resolve files> Scanning /home/nikita/StudioProjects/pam_bio/android/app/build/intermediates/desugar_graph/debug/dexBuilderDebug/out/externalLibs/dirs_bucket_0...
[2026-09-08 20:32:40] [PROGRESS] resolve files> Scanning /home/nikita/StudioProjects/pam_bio/android/app/build/intermediates/desugar_graph/debug/dexBuilderDebug/out/externalLibs/dirs_bucket_2...
[2026-09-08 20:32:40] [PROGRESS] resolve files> Scanning /home/nikita/StudioProjects/pam_bio/android/app/build/intermediates/desugar_graph/debug/dexBuilderDebug/out/externalLibs/dirs_bucket_3...
[2026-09-08 20:32:40] [PROGRESS] resolve files> Scanning /home/nikita/StudioProjects/pam_bio/android/app/build/intermediates/desugar_graph/debug/dexBuilderDebug/out/externalLibs/dirs_bucket_4...
[2026-09-08 20:32:40] [PROGRESS] resolve files> Scanning /home/nikita/StudioProjects/pam_bio/android/app/build/intermediates/desugar_graph/debug/dexBuilderDebug/out/externalLibs/dirs_bucket_5...
[2026-09-08 20:32:40] [PROGRESS] resolve files> Scanning /home/nikita/StudioProjects/pam_bio/android/app/build/intermediates/desugar_graph/debug/dexBuilderDebug/out/externalLibs/dirs_bucket_1...
[2026-09-08 20:32:40] [PROGRESS] resolve files> Scanning /home/nikita/StudioProjects/pam_bio/android/app/build/intermediates/dex_archive_input_jar_hashes...
[2026-09-08 20:32:40] [PROGRESS] resolve files> Scanning /home/nikita/StudioProjects/pam_bio/android/app/build/intermediates/dex_archive_input_jar_hashes/debug...
[2026-09-08 20:32:40] [PROGRESS] resolve files> Scanning /home/nikita/StudioProjects/pam_bio/android/app/build/intermediates/dex_archive_input_jar_hashes/debug/dexBuilderDebug...
[2026-09-08 20:32:40] [PROGRESS] resolve files> Scanning /home/nikita/StudioProjects/pam_bio/android/app/build/intermediates/dex_number_of_buckets_file...
[2026-09-08 20:32:40] [PROGRESS] resolve files> Scanning /home/nikita/StudioProjects/pam_bio/android/app/build/intermediates/dex_number_of_buckets_file/debug...
[2026-09-08 20:32:40] [PROGRESS] resolve files> Scanning /home/nikita/StudioProjects/pam_bio/android/app/build/intermediates/dex_number_of_buckets_file/debug/dexBuilderDebug...
[2026-09-08 20:32:40] [PROGRESS] resolve files> Scanning /home/nikita/StudioProjects/pam_bio/android/app/build/intermediates/apk_ide_redirect_file...
[2026-09-08 20:32:40] [PROGRESS] resolve files> Scanning /home/nikita/StudioProjects/pam_bio/android/app/build/intermediates/apk_ide_redirect_file/debug...
[2026-09-08 20:32:40] [PROGRESS] resolve files> Scanning /home/nikita/StudioProjects/pam_bio/android/app/build/intermediates/apk_ide_redirect_file/debug/createDebugApkListingFileRedirect...
[2026-09-08 20:32:40] [PROGRESS] resolve files> Scanning /home/nikita/StudioProjects/pam_bio/android/app/build/kotlin...
[2026-09-08 20:32:40] [PROGRESS] resolve files> Scanning /home/nikita/StudioProjects/pam_bio/android/app/build/kotlin/compileDebugKotlin...
[2026-09-08 20:32:40] [PROGRESS] resolve files> Scanning /home/nikita/StudioProjects/pam_bio/android/app/build/kotlin/compileDebugKotlin/classpath-snapshot...
[2026-09-08 20:32:40] [PROGRESS] resolve files> Scanning /home/nikita/StudioProjects/pam_bio/android/app/build/kotlin/compileDebugKotlin/cacheable...
[2026-09-08 20:32:40] [PROGRESS] resolve files> Scanning /home/nikita/StudioProjects/pam_bio/android/app/build/kotlin/compileDebugKotlin/cacheable/caches-jvm...
[2026-09-08 20:32:40] [PROGRESS] resolve files> Scanning /home/nikita/StudioProjects/pam_bio/android/app/build/kotlin/compileDebugKotlin/cacheable/caches-jvm/inputs...
[2026-09-08 20:32:40] [PROGRESS] resolve files> Scanning /home/nikita/StudioProjects/pam_bio/android/app/build/kotlin/compileDebugKotlin/cacheable/caches-jvm/lookups...
[2026-09-08 20:32:40] [PROGRESS] resolve files> Scanning /home/nikita/StudioProjects/pam_bio/android/app/build/kotlin/compileDebugKotlin/cacheable/caches-jvm/jvm...
[2026-09-08 20:32:40] [PROGRESS] resolve files> Scanning /home/nikita/StudioProjects/pam_bio/android/app/build/kotlin/compileDebugKotlin/cacheable/caches-jvm/jvm/kotlin...
[2026-09-08 20:32:40] [PROGRESS] resolve files> Scanning /home/nikita/StudioProjects/pam_bio/android/app/build/kotlin/compileDebugKotlin/local-state...
[2026-09-08 20:32:40] [PROGRESS] resolve files> Scanning /home/nikita/StudioProjects/pam_bio/android/app/build/outputs...
[2026-09-08 20:32:40] [PROGRESS] resolve files> Scanning /home/nikita/StudioProjects/pam_bio/android/app/build/outputs/logs...
[2026-09-08 20:32:40] [PROGRESS] resolve files> Scanning /home/nikita/StudioProjects/pam_bio/android/app/build/outputs/apk...
[2026-09-08 20:32:40] [PROGRESS] resolve files> Scanning /home/nikita/StudioProjects/pam_bio/android/app/build/outputs/apk/debug...
[2026-09-08 20:32:40] [PROGRESS] resolve files> Scanning /home/nikita/StudioProjects/pam_bio/android/app/build/tmp...
[2026-09-08 20:32:40] [PROGRESS] resolve files> Scanning /home/nikita/StudioProjects/pam_bio/android/app/build/tmp/compileDebugJavaWithJavac...
[2026-09-08 20:32:40] [PROGRESS] resolve files> Scanning /home/nikita/StudioProjects/pam_bio/android/.gradle...
[2026-09-08 20:32:40] [PROGRESS] resolve files> Scanning /home/nikita/StudioProjects/pam_bio/android/.gradle/9.4.1...
[2026-09-08 20:32:40] [PROGRESS] resolve files> Scanning /home/nikita/StudioProjects/pam_bio/android/.gradle/9.4.1/fileHashes...
[2026-09-08 20:32:40] [PROGRESS] resolve files> Scanning /home/nikita/StudioProjects/pam_bio/android/.gradle/9.4.1/fileChanges...
[2026-09-08 20:32:40] [PROGRESS] resolve files> Scanning /home/nikita/StudioProjects/pam_bio/android/.gradle/9.4.1/vcsMetadata...
[2026-09-08 20:32:40] [PROGRESS] resolve files> Scanning /home/nikita/StudioProjects/pam_bio/android/.gradle/9.4.1/checksums...
[2026-09-08 20:32:40] [PROGRESS] resolve files> Scanning /home/nikita/StudioProjects/pam_bio/android/.gradle/9.4.1/expanded...
[2026-09-08 20:32:40] [PROGRESS] resolve files> Scanning /home/nikita/StudioProjects/pam_bio/android/.gradle/9.4.1/executionHistory...
[2026-09-08 20:32:40] [PROGRESS] resolve files> Scanning /home/nikita/StudioProjects/pam_bio/android/.gradle/buildOutputCleanup...
[2026-09-08 20:32:40] [PROGRESS] resolve files> Scanning /home/nikita/StudioProjects/pam_bio/android/.gradle/vcs-1...
[2026-09-08 20:32:40] [PROGRESS] resolve files> Scanning /home/nikita/StudioProjects/pam_bio/android/.kotlin...
[2026-09-08 20:32:40] [PROGRESS] resolve files> Scanning /home/nikita/StudioProjects/pam_bio/android/.kotlin/sessions...
[2026-09-08 20:32:40] [PROGRESS] resolve files> Scanning /home/nikita/StudioProjects/pam_bio/daemon...
[2026-09-08 20:32:40] [PROGRESS] resolve files> Scanning /home/nikita/StudioProjects/pam_bio/daemon/internal...
[2026-09-08 20:32:40] [PROGRESS] resolve files> Scanning /home/nikita/StudioProjects/pam_bio/daemon/internal/protocol...
[2026-09-08 20:32:40] [PROGRESS] resolve files> Scanning /home/nikita/StudioProjects/pam_bio/daemon/internal/config...
[2026-09-08 20:32:40] [PROGRESS] resolve files> Scanning /home/nikita/StudioProjects/pam_bio/daemon/internal/crypto...
[2026-09-08 20:32:40] [PROGRESS] resolve files> Scanning /home/nikita/StudioProjects/pam_bio/daemon/internal/daemon...
[2026-09-08 20:32:40] [PROGRESS] resolve files> Scanning /home/nikita/StudioProjects/pam_bio/daemon/cmd...
[2026-09-08 20:32:40] [PROGRESS] resolve files> Scanning /home/nikita/StudioProjects/pam_bio/daemon/cmd/pambiod...
[2026-09-08 20:32:40] [PROGRESS] resolve files> Scanning /home/nikita/StudioProjects/pam_bio/daemon/vendor...
[2026-09-08 20:32:40] [PROGRESS] resolve files> Scanning /home/nikita/StudioProjects/pam_bio/daemon/vendor/github.com...
[2026-09-08 20:32:40] [PROGRESS] resolve files> Scanning /home/nikita/StudioProjects/pam_bio/daemon/vendor/github.com/cenkalti...
[2026-09-08 20:32:40] [PROGRESS] resolve files> Scanning /home/nikita/StudioProjects/pam_bio/daemon/vendor/github.com/cenkalti/backoff...
[2026-09-08 20:32:40] [PROGRESS] resolve files> Scanning /home/nikita/StudioProjects/pam_bio/daemon/vendor/github.com/google...
[2026-09-08 20:32:40] [PROGRESS] resolve files> Scanning /home/nikita/StudioProjects/pam_bio/daemon/vendor/github.com/google/uuid...
[2026-09-08 20:32:40] [PROGRESS] resolve files> Scanning /home/nikita/StudioProjects/pam_bio/daemon/vendor/github.com/grandcat...
[2026-09-08 20:32:40] [PROGRESS] resolve files> Scanning /home/nikita/StudioProjects/pam_bio/daemon/vendor/github.com/grandcat/zeroconf...
[2026-09-08 20:32:40] [PROGRESS] resolve files> Scanning /home/nikita/StudioProjects/pam_bio/daemon/vendor/github.com/mdp...
[2026-09-08 20:32:40] [PROGRESS] resolve files> Scanning /home/nikita/StudioProjects/pam_bio/daemon/vendor/github.com/mdp/qrterminal...
[2026-09-08 20:32:40] [PROGRESS] resolve files> Scanning /home/nikita/StudioProjects/pam_bio/daemon/vendor/github.com/mdp/qrterminal/v3...
[2026-09-08 20:32:40] [PROGRESS] resolve files> Scanning /home/nikita/StudioProjects/pam_bio/daemon/vendor/github.com/miekg...
[2026-09-08 20:32:40] [PROGRESS] resolve files> Scanning /home/nikita/StudioProjects/pam_bio/daemon/vendor/github.com/miekg/dns...
[2026-09-08 20:32:40] [PROGRESS] resolve files> Scanning /home/nikita/StudioProjects/pam_bio/daemon/vendor/golang.org...
[2026-09-08 20:32:40] [PROGRESS] resolve files> Scanning /home/nikita/StudioProjects/pam_bio/daemon/vendor/golang.org/x...
[2026-09-08 20:32:40] [PROGRESS] resolve files> Scanning /home/nikita/StudioProjects/pam_bio/daemon/vendor/golang.org/x/crypto...
[2026-09-08 20:32:40] [PROGRESS] resolve files> Scanning /home/nikita/StudioProjects/pam_bio/daemon/vendor/golang.org/x/crypto/ed25519...
[2026-09-08 20:32:40] [PROGRESS] resolve files> Scanning /home/nikita/StudioProjects/pam_bio/daemon/vendor/golang.org/x/crypto/hkdf...
[2026-09-08 20:32:40] [PROGRESS] resolve files> Scanning /home/nikita/StudioProjects/pam_bio/daemon/vendor/golang.org/x/net...
[2026-09-08 20:32:40] [PROGRESS] resolve files> Scanning /home/nikita/StudioProjects/pam_bio/daemon/vendor/golang.org/x/net/bpf...
[2026-09-08 20:32:40] [PROGRESS] resolve files> Scanning /home/nikita/StudioProjects/pam_bio/daemon/vendor/golang.org/x/net/internal...
[2026-09-08 20:32:40] [PROGRESS] resolve files> Scanning /home/nikita/StudioProjects/pam_bio/daemon/vendor/golang.org/x/net/internal/iana...
[2026-09-08 20:32:40] [PROGRESS] resolve files> Scanning /home/nikita/StudioProjects/pam_bio/daemon/vendor/golang.org/x/net/internal/socket...
[2026-09-08 20:32:40] [PROGRESS] resolve files> Scanning /home/nikita/StudioProjects/pam_bio/daemon/vendor/golang.org/x/net/ipv4...
[2026-09-08 20:32:40] [PROGRESS] resolve files> Scanning /home/nikita/StudioProjects/pam_bio/daemon/vendor/golang.org/x/net/ipv6...
[2026-09-08 20:32:40] [PROGRESS] resolve files> Scanning /home/nikita/StudioProjects/pam_bio/daemon/vendor/golang.org/x/sys...
[2026-09-08 20:32:40] [PROGRESS] resolve files> Scanning /home/nikita/StudioProjects/pam_bio/daemon/vendor/golang.org/x/sys/plan9...
[2026-09-08 20:32:40] [PROGRESS] resolve files> Scanning /home/nikita/StudioProjects/pam_bio/daemon/vendor/golang.org/x/sys/unix...
[2026-09-08 20:32:40] [PROGRESS] resolve files> Scanning /home/nikita/StudioProjects/pam_bio/daemon/vendor/golang.org/x/sys/windows...
[2026-09-08 20:32:40] [PROGRESS] resolve files> Scanning /home/nikita/StudioProjects/pam_bio/daemon/vendor/golang.org/x/term...
[2026-09-08 20:32:40] [PROGRESS] resolve files> Scanning /home/nikita/StudioProjects/pam_bio/daemon/vendor/rsc.io...
[2026-09-08 20:32:40] [PROGRESS] resolve files> Scanning /home/nikita/StudioProjects/pam_bio/daemon/vendor/rsc.io/qr...
[2026-09-08 20:32:40] [PROGRESS] resolve files> Scanning /home/nikita/StudioProjects/pam_bio/daemon/vendor/rsc.io/qr/coding...
[2026-09-08 20:32:40] [PROGRESS] resolve files> Scanning /home/nikita/StudioProjects/pam_bio/daemon/vendor/rsc.io/qr/gf256...
[2026-09-08 20:32:40] [PROGRESS] resolve files> Scanning /home/nikita/StudioProjects/pam_bio/daemon/.idea...
[2026-09-08 20:32:40] [PROGRESS] resolve files> Scanning /home/nikita/StudioProjects/pam_bio/pam...
[2026-09-08 20:32:40] [PROGRESS] resolve files> Scanning /home/nikita/StudioProjects/pam_bio/protocol...
[2026-09-08 20:32:40] [PROGRESS] resolve files> Scanning /home/nikita/StudioProjects/pam_bio/.git...
[2026-09-08 20:32:40] [PROGRESS] resolve files> Scanning /home/nikita/StudioProjects/pam_bio/.git/hooks...
[2026-09-08 20:32:40] [PROGRESS] resolve files> Scanning /home/nikita/StudioProjects/pam_bio/.git/info...
[2026-09-08 20:32:40] [PROGRESS] resolve files> Scanning /home/nikita/StudioProjects/pam_bio/.git/refs...
[2026-09-08 20:32:40] [PROGRESS] resolve files> Scanning /home/nikita/StudioProjects/pam_bio/.git/refs/heads...
[2026-09-08 20:32:40] [PROGRESS] resolve files> Scanning /home/nikita/StudioProjects/pam_bio/.git/refs/tags...
[2026-09-08 20:32:40] [PROGRESS] resolve files> Scanning /home/nikita/StudioProjects/pam_bio/.git/refs/remotes...
[2026-09-08 20:32:40] [PROGRESS] resolve files> Scanning /home/nikita/StudioProjects/pam_bio/.git/refs/remotes/origin...
[2026-09-08 20:32:40] [PROGRESS] resolve files> Scanning /home/nikita/StudioProjects/pam_bio/.git/objects...
[2026-09-08 20:32:40] [PROGRESS] resolve files> Scanning /home/nikita/StudioProjects/pam_bio/.git/objects/pack...
[2026-09-08 20:32:40] [PROGRESS] resolve files> Scanning /home/nikita/StudioProjects/pam_bio/.git/objects/info...
[2026-09-08 20:32:40] [PROGRESS] resolve files> Scanning /home/nikita/StudioProjects/pam_bio/.git/objects/1c...
[2026-09-08 20:32:40] [PROGRESS] resolve files> Scanning /home/nikita/StudioProjects/pam_bio/.git/objects/91...
[2026-09-08 20:32:40] [PROGRESS] resolve files> Scanning /home/nikita/StudioProjects/pam_bio/.git/objects/7e...
[2026-09-08 20:32:40] [PROGRESS] resolve files> Scanning /home/nikita/StudioProjects/pam_bio/.git/objects/c5...
[2026-09-08 20:32:40] [PROGRESS] resolve files> Scanning /home/nikita/StudioProjects/pam_bio/.git/objects/4d...
[2026-09-08 20:32:40] [PROGRESS] resolve files> Scanning /home/nikita/StudioProjects/pam_bio/.git/objects/35...
[2026-09-08 20:32:40] [PROGRESS] resolve files> Scanning /home/nikita/StudioProjects/pam_bio/.git/objects/b2...
[2026-09-08 20:32:40] [PROGRESS] resolve files> Scanning /home/nikita/StudioProjects/pam_bio/.git/objects/dc...
[2026-09-08 20:32:40] [PROGRESS] resolve files> Scanning /home/nikita/StudioProjects/pam_bio/.git/objects/41...
[2026-09-08 20:32:40] [PROGRESS] resolve files> Scanning /home/nikita/StudioProjects/pam_bio/.git/objects/f2...
[2026-09-08 20:32:40] [PROGRESS] resolve files> Scanning /home/nikita/StudioProjects/pam_bio/.git/objects/29...
[2026-09-08 20:32:40] [PROGRESS] resolve files> Scanning /home/nikita/StudioProjects/pam_bio/.git/objects/c9...
[2026-09-08 20:32:40] [PROGRESS] resolve files> Scanning /home/nikita/StudioProjects/pam_bio/.git/objects/0d...
[2026-09-08 20:32:40] [PROGRESS] resolve files> Scanning /home/nikita/StudioProjects/pam_bio/.git/objects/39...
[2026-09-08 20:32:40] [PROGRESS] resolve files> Scanning /home/nikita/StudioProjects/pam_bio/.git/objects/ed...
[2026-09-08 20:32:40] [PROGRESS] resolve files> Scanning /home/nikita/StudioProjects/pam_bio/.git/objects/d8...
[2026-09-08 20:32:40] [PROGRESS] resolve files> Scanning /home/nikita/StudioProjects/pam_bio/.git/objects/1d...
[2026-09-08 20:32:40] [PROGRESS] resolve files> Scanning /home/nikita/StudioProjects/pam_bio/.git/objects/9b...
[2026-09-08 20:32:40] [PROGRESS] resolve files> Scanning /home/nikita/StudioProjects/pam_bio/.git/objects/77...
[2026-09-08 20:32:40] [PROGRESS] resolve files> Scanning /home/nikita/StudioProjects/pam_bio/.git/objects/d4...
[2026-09-08 20:32:40] [PROGRESS] resolve files> Scanning /home/nikita/StudioProjects/pam_bio/.git/objects/83...
[2026-09-08 20:32:40] [PROGRESS] resolve files> Scanning /home/nikita/StudioProjects/pam_bio/.git/objects/f5...
[2026-09-08 20:32:40] [PROGRESS] resolve files> Scanning /home/nikita/StudioProjects/pam_bio/.git/objects/02...
[2026-09-08 20:32:40] [PROGRESS] resolve files> Scanning /home/nikita/StudioProjects/pam_bio/.git/objects/5a...
[2026-09-08 20:32:40] [PROGRESS] resolve files> Scanning /home/nikita/StudioProjects/pam_bio/.git/objects/bf...
[2026-09-08 20:32:40] [PROGRESS] resolve files> Scanning /home/nikita/StudioProjects/pam_bio/.git/objects/38...
[2026-09-08 20:32:40] [PROGRESS] resolve files> Scanning /home/nikita/StudioProjects/pam_bio/.git/objects/bc...
[2026-09-08 20:32:40] [PROGRESS] resolve files> Scanning /home/nikita/StudioProjects/pam_bio/.git/objects/7c...
[2026-09-08 20:32:40] [PROGRESS] resolve files> Scanning /home/nikita/StudioProjects/pam_bio/.git/objects/34...
[2026-09-08 20:32:40] [PROGRESS] resolve files> Scanning /home/nikita/StudioProjects/pam_bio/.git/objects/0a...
[2026-09-08 20:32:40] [PROGRESS] resolve files> Scanning /home/nikita/StudioProjects/pam_bio/.git/objects/fb...
[2026-09-08 20:32:40] [PROGRESS] resolve files> Scanning /home/nikita/StudioProjects/pam_bio/.git/objects/6a...
[2026-09-08 20:32:40] [PROGRESS] resolve files> Scanning /home/nikita/StudioProjects/pam_bio/.git/objects/d0...
[2026-09-08 20:32:40] [PROGRESS] resolve files> Scanning /home/nikita/StudioProjects/pam_bio/.git/objects/96...
[2026-09-08 20:32:40] [PROGRESS] resolve files> Scanning /home/nikita/StudioProjects/pam_bio/.git/objects/56...
[2026-09-08 20:32:40] [PROGRESS] resolve files> Scanning /home/nikita/StudioProjects/pam_bio/.git/objects/51...
[2026-09-08 20:32:40] [PROGRESS] resolve files> Scanning /home/nikita/StudioProjects/pam_bio/.git/objects/0c...
[2026-09-08 20:32:40] [PROGRESS] resolve files> Scanning /home/nikita/StudioProjects/pam_bio/.git/objects/73...
[2026-09-08 20:32:40] [PROGRESS] resolve files> Scanning /home/nikita/StudioProjects/pam_bio/.git/objects/a9...
[2026-09-08 20:32:40] [PROGRESS] resolve files> Scanning /home/nikita/StudioProjects/pam_bio/.git/objects/69...
[2026-09-08 20:32:40] [PROGRESS] resolve files> Scanning /home/nikita/StudioProjects/pam_bio/.git/objects/af...
[2026-09-08 20:32:40] [PROGRESS] resolve files> Scanning /home/nikita/StudioProjects/pam_bio/.git/objects/1e...
[2026-09-08 20:32:40] [PROGRESS] resolve files> Scanning /home/nikita/StudioProjects/pam_bio/.git/objects/5c...
[2026-09-08 20:32:40] [PROGRESS] resolve files> Scanning /home/nikita/StudioProjects/pam_bio/.git/objects/2e...
[2026-09-08 20:32:40] [PROGRESS] resolve files> Scanning /home/nikita/StudioProjects/pam_bio/.git/objects/dd...
[2026-09-08 20:32:40] [PROGRESS] resolve files> Scanning /home/nikita/StudioProjects/pam_bio/.git/objects/08...
[2026-09-08 20:32:40] [PROGRESS] resolve files> Scanning /home/nikita/StudioProjects/pam_bio/.git/objects/2c...
[2026-09-08 20:32:40] [PROGRESS] resolve files> Scanning /home/nikita/StudioProjects/pam_bio/.git/objects/a7...
[2026-09-08 20:32:40] [PROGRESS] resolve files> Scanning /home/nikita/StudioProjects/pam_bio/.git/objects/e6...
[2026-09-08 20:32:40] [PROGRESS] resolve files> Scanning /home/nikita/StudioProjects/pam_bio/.git/objects/63...
[2026-09-08 20:32:40] [PROGRESS] resolve files> Scanning /home/nikita/StudioProjects/pam_bio/.git/objects/cf...
[2026-09-08 20:32:40] [PROGRESS] resolve files> Scanning /home/nikita/StudioProjects/pam_bio/.git/objects/85...
[2026-09-08 20:32:40] [PROGRESS] resolve files> Scanning /home/nikita/StudioProjects/pam_bio/.git/objects/d9...
[2026-09-08 20:32:40] [PROGRESS] resolve files> Scanning /home/nikita/StudioProjects/pam_bio/.git/objects/d5...
[2026-09-08 20:32:40] [PROGRESS] resolve files> Scanning /home/nikita/StudioProjects/pam_bio/.git/objects/6c...
[2026-09-08 20:32:40] [PROGRESS] resolve files> Scanning /home/nikita/StudioProjects/pam_bio/.git/objects/6f...
[2026-09-08 20:32:40] [PROGRESS] resolve files> Scanning /home/nikita/StudioProjects/pam_bio/.git/objects/e8...
[2026-09-08 20:32:40] [PROGRESS] resolve files> Scanning /home/nikita/StudioProjects/pam_bio/.git/objects/c7...
[2026-09-08 20:32:40] [PROGRESS] resolve files> Scanning /home/nikita/StudioProjects/pam_bio/.git/objects/80...
[2026-09-08 20:32:40] [PROGRESS] resolve files> Scanning /home/nikita/StudioProjects/pam_bio/.git/objects/7b...
[2026-09-08 20:32:40] [PROGRESS] resolve files> Scanning /home/nikita/StudioProjects/pam_bio/.git/objects/b6...
[2026-09-08 20:32:40] [PROGRESS] resolve files> Scanning /home/nikita/StudioProjects/pam_bio/.git/objects/ef...
[2026-09-08 20:32:40] [PROGRESS] resolve files> Scanning /home/nikita/StudioProjects/pam_bio/.git/objects/33...
[2026-09-08 20:32:40] [PROGRESS] resolve files> Scanning /home/nikita/StudioProjects/pam_bio/.git/objects/3a...
[2026-09-08 20:32:40] [PROGRESS] resolve files> Scanning /home/nikita/StudioProjects/pam_bio/.git/objects/0e...
[2026-09-08 20:32:40] [PROGRESS] resolve files> Scanning /home/nikita/StudioProjects/pam_bio/.git/objects/66...
[2026-09-08 20:32:40] [PROGRESS] resolve files> Scanning /home/nikita/StudioProjects/pam_bio/.git/objects/8f...
[2026-09-08 20:32:40] [PROGRESS] resolve files> Scanning /home/nikita/StudioProjects/pam_bio/.git/objects/36...
[2026-09-08 20:32:40] [PROGRESS] resolve files> Scanning /home/nikita/StudioProjects/pam_bio/.git/objects/b0...
[2026-09-08 20:32:40] [PROGRESS] resolve files> Scanning /home/nikita/StudioProjects/pam_bio/.git/objects/e0...
[2026-09-08 20:32:40] [PROGRESS] resolve files> Scanning /home/nikita/StudioProjects/pam_bio/.git/objects/e1...
[2026-09-08 20:32:40] [PROGRESS] resolve files> Scanning /home/nikita/StudioProjects/pam_bio/.git/objects/46...
[2026-09-08 20:32:40] [PROGRESS] resolve files> Scanning /home/nikita/StudioProjects/pam_bio/.git/objects/ec...
[2026-09-08 20:32:40] [PROGRESS] resolve files> Scanning /home/nikita/StudioProjects/pam_bio/.git/objects/9c...
[2026-09-08 20:32:40] [PROGRESS] resolve files> Scanning /home/nikita/StudioProjects/pam_bio/.git/objects/0b...
[2026-09-08 20:32:40] [PROGRESS] resolve files> Scanning /home/nikita/StudioProjects/pam_bio/.git/objects/fc...
[2026-09-08 20:32:40] [PROGRESS] resolve files> Scanning /home/nikita/StudioProjects/pam_bio/.git/objects/10...
[2026-09-08 20:32:40] [PROGRESS] resolve files> Scanning /home/nikita/StudioProjects/pam_bio/.git/objects/7d...
[2026-09-08 20:32:40] [PROGRESS] resolve files> Scanning /home/nikita/StudioProjects/pam_bio/.git/objects/64...
[2026-09-08 20:32:40] [PROGRESS] resolve files> Scanning /home/nikita/StudioProjects/pam_bio/.git/objects/8e...
[2026-09-08 20:32:40] [PROGRESS] resolve files> Scanning /home/nikita/StudioProjects/pam_bio/.git/objects/f0...
[2026-09-08 20:32:40] [PROGRESS] resolve files> Scanning /home/nikita/StudioProjects/pam_bio/.git/objects/4b...
[2026-09-08 20:32:40] [PROGRESS] resolve files> Scanning /home/nikita/StudioProjects/pam_bio/.git/objects/ae...
[2026-09-08 20:32:40] [PROGRESS] resolve files> Scanning /home/nikita/StudioProjects/pam_bio/.git/objects/62...
[2026-09-08 20:32:40] [PROGRESS] resolve files> Scanning /home/nikita/StudioProjects/pam_bio/.git/objects/c8...
[2026-09-08 20:32:40] [PROGRESS] resolve files> Scanning /home/nikita/StudioProjects/pam_bio/.git/objects/40...
[2026-09-08 20:32:40] [PROGRESS] resolve files> Scanning /home/nikita/StudioProjects/pam_bio/.git/objects/ce...
[2026-09-08 20:32:40] [PROGRESS] resolve files> Scanning /home/nikita/StudioProjects/pam_bio/.git/objects/6e...
[2026-09-08 20:32:40] [PROGRESS] resolve files> Scanning /home/nikita/StudioProjects/pam_bio/.git/objects/ea...
[2026-09-08 20:32:40] [PROGRESS] resolve files> Scanning /home/nikita/StudioProjects/pam_bio/.git/objects/1b...
[2026-09-08 20:32:40] [PROGRESS] resolve files> Scanning /home/nikita/StudioProjects/pam_bio/.git/objects/db...
[2026-09-08 20:32:40] [PROGRESS] resolve files> Scanning /home/nikita/StudioProjects/pam_bio/.git/objects/03...
[2026-09-08 20:32:40] [PROGRESS] resolve files> Scanning /home/nikita/StudioProjects/pam_bio/.git/objects/68...
[2026-09-08 20:32:40] [PROGRESS] resolve files> Scanning /home/nikita/StudioProjects/pam_bio/.git/objects/9e...
[2026-09-08 20:32:40] [PROGRESS] resolve files> Scanning /home/nikita/StudioProjects/pam_bio/.git/objects/3f...
[2026-09-08 20:32:40] [PROGRESS] resolve files> Scanning /home/nikita/StudioProjects/pam_bio/.git/objects/de...
[2026-09-08 20:32:40] [PROGRESS] resolve files> Scanning /home/nikita/StudioProjects/pam_bio/.git/objects/d1...
[2026-09-08 20:32:40] [PROGRESS] resolve files> Scanning /home/nikita/StudioProjects/pam_bio/.git/objects/cd...
[2026-09-08 20:32:40] [PROGRESS] resolve files> Scanning /home/nikita/StudioProjects/pam_bio/.git/objects/fd...
[2026-09-08 20:32:40] [PROGRESS] resolve files> Scanning /home/nikita/StudioProjects/pam_bio/.git/objects/d6...
[2026-09-08 20:32:40] [PROGRESS] resolve files> Scanning /home/nikita/StudioProjects/pam_bio/.git/objects/3c...
[2026-09-08 20:32:40] [PROGRESS] resolve files> Scanning /home/nikita/StudioProjects/pam_bio/.git/objects/ad...
[2026-09-08 20:32:40] [PROGRESS] resolve files> Scanning /home/nikita/StudioProjects/pam_bio/.git/objects/48...
[2026-09-08 20:32:40] [PROGRESS] resolve files> Scanning /home/nikita/StudioProjects/pam_bio/.git/objects/1a...
[2026-09-08 20:32:40] [PROGRESS] resolve files> Scanning /home/nikita/StudioProjects/pam_bio/.git/objects/a3...
[2026-09-08 20:32:40] [PROGRESS] resolve files> Scanning /home/nikita/StudioProjects/pam_bio/.git/objects/82...
[2026-09-08 20:32:40] [PROGRESS] resolve files> Scanning /home/nikita/StudioProjects/pam_bio/.git/objects/9f...
[2026-09-08 20:32:40] [PROGRESS] resolve files> Scanning /home/nikita/StudioProjects/pam_bio/.git/objects/5e...
[2026-09-08 20:32:40] [PROGRESS] resolve files> Scanning /home/nikita/StudioProjects/pam_bio/.git/objects/d2...
[2026-09-08 20:32:40] [PROGRESS] resolve files> Scanning /home/nikita/StudioProjects/pam_bio/.git/objects/94...
[2026-09-08 20:32:40] [PROGRESS] resolve files> Scanning /home/nikita/StudioProjects/pam_bio/.git/objects/5d...
[2026-09-08 20:32:40] [PROGRESS] resolve files> Scanning /home/nikita/StudioProjects/pam_bio/.git/objects/8b...
[2026-09-08 20:32:40] [PROGRESS] resolve files> Scanning /home/nikita/StudioProjects/pam_bio/.git/objects/88...
[2026-09-08 20:32:40] [PROGRESS] resolve files> Scanning /home/nikita/StudioProjects/pam_bio/.git/objects/93...
[2026-09-08 20:32:40] [PROGRESS] resolve files> Scanning /home/nikita/StudioProjects/pam_bio/.git/objects/2f...
[2026-09-08 20:32:40] [PROGRESS] resolve files> Scanning /home/nikita/StudioProjects/pam_bio/.git/objects/b9...
[2026-09-08 20:32:40] [PROGRESS] resolve files> Scanning /home/nikita/StudioProjects/pam_bio/.git/objects/f3...
[2026-09-08 20:32:40] [PROGRESS] resolve files> Scanning /home/nikita/StudioProjects/pam_bio/.git/objects/84...
[2026-09-08 20:32:40] [PROGRESS] resolve files> Scanning /home/nikita/StudioProjects/pam_bio/.git/objects/1f...
[2026-09-08 20:32:40] [PROGRESS] resolve files> Scanning /home/nikita/StudioProjects/pam_bio/.git/objects/f7...
[2026-09-08 20:32:40] [PROGRESS] resolve files> Scanning /home/nikita/StudioProjects/pam_bio/.git/objects/79...
[2026-09-08 20:32:40] [PROGRESS] resolve files> Scanning /home/nikita/StudioProjects/pam_bio/.git/objects/67...
[2026-09-08 20:32:40] [PROGRESS] resolve files> Scanning /home/nikita/StudioProjects/pam_bio/.git/objects/b4...
[2026-09-08 20:32:40] [PROGRESS] resolve files> Scanning /home/nikita/StudioProjects/pam_bio/.git/objects/54...
[2026-09-08 20:32:40] [PROGRESS] resolve files> Scanning /home/nikita/StudioProjects/pam_bio/.git/objects/19...
[2026-09-08 20:32:40] [PROGRESS] resolve files> Scanning /home/nikita/StudioProjects/pam_bio/.git/objects/09...
[2026-09-08 20:32:40] [PROGRESS] resolve files> Scanning /home/nikita/StudioProjects/pam_bio/.git/objects/4e...
[2026-09-08 20:32:40] [PROGRESS] resolve files> Scanning /home/nikita/StudioProjects/pam_bio/.git/objects/c0...
[2026-09-08 20:32:40] [PROGRESS] resolve files> Scanning /home/nikita/StudioProjects/pam_bio/.git/objects/f8...
[2026-09-08 20:32:40] [PROGRESS] resolve files> Scanning /home/nikita/StudioProjects/pam_bio/.git/objects/22...
[2026-09-08 20:32:40] [PROGRESS] resolve files> Scanning /home/nikita/StudioProjects/pam_bio/.git/objects/a6...
[2026-09-08 20:32:40] [PROGRESS] resolve files> Scanning /home/nikita/StudioProjects/pam_bio/.git/objects/c4...
[2026-09-08 20:32:40] [PROGRESS] resolve files> Scanning /home/nikita/StudioProjects/pam_bio/.git/objects/8d...
[2026-09-08 20:32:40] [PROGRESS] resolve files> Scanning /home/nikita/StudioProjects/pam_bio/.git/objects/71...
[2026-09-08 20:32:40] [PROGRESS] resolve files> Scanning /home/nikita/StudioProjects/pam_bio/.git/objects/31...
[2026-09-08 20:32:40] [PROGRESS] resolve files> Scanning /home/nikita/StudioProjects/pam_bio/.git/objects/a1...
[2026-09-08 20:32:40] [PROGRESS] resolve files> Scanning /home/nikita/StudioProjects/pam_bio/.git/objects/07...
[2026-09-08 20:32:40] [PROGRESS] resolve files> Scanning /home/nikita/StudioProjects/pam_bio/.git/objects/b7...
[2026-09-08 20:32:40] [PROGRESS] resolve files> Scanning /home/nikita/StudioProjects/pam_bio/.git/objects/e3...
[2026-09-08 20:32:40] [PROGRESS] resolve files> Scanning /home/nikita/StudioProjects/pam_bio/.git/objects/65...
[2026-09-08 20:32:40] [PROGRESS] resolve files> Scanning /home/nikita/StudioProjects/pam_bio/.git/objects/55...
[2026-09-08 20:32:40] [PROGRESS] resolve files> Scanning /home/nikita/StudioProjects/pam_bio/.git/objects/53...
[2026-09-08 20:32:40] [PROGRESS] resolve files> Scanning /home/nikita/StudioProjects/pam_bio/.git/objects/97...
[2026-09-08 20:32:40] [PROGRESS] resolve files> Scanning /home/nikita/StudioProjects/pam_bio/.git/objects/16...
[2026-09-08 20:32:40] [PROGRESS] resolve files> Scanning /home/nikita/StudioProjects/pam_bio/.git/objects/4f...
[2026-09-08 20:32:40] [PROGRESS] resolve files> Scanning /home/nikita/StudioProjects/pam_bio/.git/objects/3e...
[2026-09-08 20:32:40] [PROGRESS] resolve files> Scanning /home/nikita/StudioProjects/pam_bio/.git/objects/9a...
[2026-09-08 20:32:40] [PROGRESS] resolve files> Scanning /home/nikita/StudioProjects/pam_bio/.git/objects/be...
[2026-09-08 20:32:40] [PROGRESS] resolve files> Scanning /home/nikita/StudioProjects/pam_bio/.git/objects/3d...
[2026-09-08 20:32:40] [PROGRESS] resolve files> Scanning /home/nikita/StudioProjects/pam_bio/.git/objects/f1...
[2026-09-08 20:32:40] [PROGRESS] resolve files> Scanning /home/nikita/StudioProjects/pam_bio/.git/objects/26...
[2026-09-08 20:32:40] [PROGRESS] resolve files> Scanning /home/nikita/StudioProjects/pam_bio/.git/objects/12...
[2026-09-08 20:32:40] [PROGRESS] resolve files> Scanning /home/nikita/StudioProjects/pam_bio/.git/objects/ac...
[2026-09-08 20:32:40] [PROGRESS] resolve files> Scanning /home/nikita/StudioProjects/pam_bio/.git/objects/2a...
[2026-09-08 20:32:40] [PROGRESS] resolve files> Scanning /home/nikita/StudioProjects/pam_bio/.git/objects/6b...
[2026-09-08 20:32:40] [PROGRESS] resolve files> Scanning /home/nikita/StudioProjects/pam_bio/.git/objects/58...
[2026-09-08 20:32:40] [PROGRESS] resolve files> Scanning /home/nikita/StudioProjects/pam_bio/.git/objects/ff...
[2026-09-08 20:32:40] [PROGRESS] resolve files> Scanning /home/nikita/StudioProjects/pam_bio/.git/objects/b5...
[2026-09-08 20:32:40] [PROGRESS] resolve files> Scanning /home/nikita/StudioProjects/pam_bio/.git/objects/23...
[2026-09-08 20:32:40] [PROGRESS] resolve files> Scanning /home/nikita/StudioProjects/pam_bio/.git/objects/57...
[2026-09-08 20:32:40] [PROGRESS] resolve files> Scanning /home/nikita/StudioProjects/pam_bio/.git/objects/c1...
[2026-09-08 20:32:40] [PROGRESS] resolve files> Scanning /home/nikita/StudioProjects/pam_bio/.git/objects/e9...
[2026-09-08 20:32:40] [PROGRESS] resolve files> Scanning /home/nikita/StudioProjects/pam_bio/.git/objects/49...
[2026-09-08 20:32:40] [PROGRESS] resolve files> Scanning /home/nikita/StudioProjects/pam_bio/.git/objects/c2...
[2026-09-08 20:32:40] [PROGRESS] resolve files> Scanning /home/nikita/StudioProjects/pam_bio/.git/objects/18...
[2026-09-08 20:32:40] [PROGRESS] resolve files> Scanning /home/nikita/StudioProjects/pam_bio/.git/objects/99...
[2026-09-08 20:32:40] [PROGRESS] resolve files> Scanning /home/nikita/StudioProjects/pam_bio/.git/objects/90...
[2026-09-08 20:32:40] [PROGRESS] resolve files> Scanning /home/nikita/StudioProjects/pam_bio/.git/objects/aa...
[2026-09-08 20:32:40] [PROGRESS] resolve files> Scanning /home/nikita/StudioProjects/pam_bio/.git/objects/a2...
[2026-09-08 20:32:40] [PROGRESS] resolve files> Scanning /home/nikita/StudioProjects/pam_bio/.git/objects/da...
[2026-09-08 20:32:40] [PROGRESS] resolve files> Scanning /home/nikita/StudioProjects/pam_bio/.git/objects/2d...
[2026-09-08 20:32:40] [PROGRESS] resolve files> Scanning /home/nikita/StudioProjects/pam_bio/.git/objects/59...
[2026-09-08 20:32:40] [PROGRESS] resolve files> Scanning /home/nikita/StudioProjects/pam_bio/.git/objects/df...
[2026-09-08 20:32:40] [PROGRESS] resolve files> Scanning /home/nikita/StudioProjects/pam_bio/.git/objects/c3...
[2026-09-08 20:32:40] [PROGRESS] resolve files> Scanning /home/nikita/StudioProjects/pam_bio/.git/objects/86...
[2026-09-08 20:32:40] [PROGRESS] resolve files> Scanning /home/nikita/StudioProjects/pam_bio/.git/objects/9d...
[2026-09-08 20:32:40] [PROGRESS] resolve files> Scanning /home/nikita/StudioProjects/pam_bio/.git/objects/25...
[2026-09-08 20:32:40] [PROGRESS] resolve files> Scanning /home/nikita/StudioProjects/pam_bio/.git/objects/a0...
[2026-09-08 20:32:40] [PROGRESS] resolve files> Scanning /home/nikita/StudioProjects/pam_bio/.git/objects/98...
[2026-09-08 20:32:40] [PROGRESS] resolve files> Scanning /home/nikita/StudioProjects/pam_bio/.git/objects/76...
[2026-09-08 20:32:40] [PROGRESS] resolve files> Scanning /home/nikita/StudioProjects/pam_bio/.git/objects/bd...
[2026-09-08 20:32:40] [PROGRESS] resolve files> Scanning /home/nikita/StudioProjects/pam_bio/.git/objects/fe...
[2026-09-08 20:32:40] [PROGRESS] resolve files> Scanning /home/nikita/StudioProjects/pam_bio/.git/objects/bb...
[2026-09-08 20:32:40] [PROGRESS] resolve files> Scanning /home/nikita/StudioProjects/pam_bio/.git/objects/d7...
[2026-09-08 20:32:40] [PROGRESS] resolve files> Scanning /home/nikita/StudioProjects/pam_bio/.git/objects/4a...
[2026-09-08 20:32:40] [PROGRESS] resolve files> Scanning /home/nikita/StudioProjects/pam_bio/.git/objects/a4...
[2026-09-08 20:32:40] [PROGRESS] resolve files> Scanning /home/nikita/StudioProjects/pam_bio/.git/objects/f9...
[2026-09-08 20:32:40] [PROGRESS] resolve files> Scanning /home/nikita/StudioProjects/pam_bio/.git/objects/61...
[2026-09-08 20:32:40] [PROGRESS] resolve files> Scanning /home/nikita/StudioProjects/pam_bio/.git/objects/60...
[2026-09-08 20:32:40] [PROGRESS] resolve files> Scanning /home/nikita/StudioProjects/pam_bio/.git/objects/87...
[2026-09-08 20:32:40] [PROGRESS] resolve files> Scanning /home/nikita/StudioProjects/pam_bio/.git/objects/6d...
[2026-09-08 20:32:40] [PROGRESS] resolve files> Scanning /home/nikita/StudioProjects/pam_bio/.git/objects/05...
[2026-09-08 20:32:40] [PROGRESS] resolve files> Scanning /home/nikita/StudioProjects/pam_bio/.git/objects/5f...
[2026-09-08 20:32:40] [PROGRESS] resolve files> Scanning /home/nikita/StudioProjects/pam_bio/.git/objects/ab...
[2026-09-08 20:32:40] [PROGRESS] resolve files> Scanning /home/nikita/StudioProjects/pam_bio/.git/objects/e7...
[2026-09-08 20:32:40] [PROGRESS] resolve files> Scanning /home/nikita/StudioProjects/pam_bio/.git/objects/14...
[2026-09-08 20:32:40] [PROGRESS] resolve files> Scanning /home/nikita/StudioProjects/pam_bio/.git/objects/75...
[2026-09-08 20:32:40] [PROGRESS] resolve files> Scanning /home/nikita/StudioProjects/pam_bio/.git/objects/74...
[2026-09-08 20:32:40] [PROGRESS] resolve files> Scanning /home/nikita/StudioProjects/pam_bio/.git/objects/01...
[2026-09-08 20:32:40] [PROGRESS] resolve files> Scanning /home/nikita/StudioProjects/pam_bio/.git/objects/ee...
[2026-09-08 20:32:40] [PROGRESS] resolve files> Scanning /home/nikita/StudioProjects/pam_bio/.git/objects/3b...
[2026-09-08 20:32:40] [PROGRESS] resolve files> Scanning /home/nikita/StudioProjects/pam_bio/.git/objects/50...
[2026-09-08 20:32:40] [PROGRESS] resolve files> Scanning /home/nikita/StudioProjects/pam_bio/.git/objects/42...
[2026-09-08 20:32:40] [PROGRESS] resolve files> Scanning /home/nikita/StudioProjects/pam_bio/.git/objects/06...
[2026-09-08 20:32:40] [PROGRESS] resolve files> Scanning /home/nikita/StudioProjects/pam_bio/.git/objects/20...
[2026-09-08 20:32:40] [PROGRESS] resolve files> Scanning /home/nikita/StudioProjects/pam_bio/.git/objects/c6...
[2026-09-08 20:32:40] [PROGRESS] resolve files> Scanning /home/nikita/StudioProjects/pam_bio/.git/objects/7f...
[2026-09-08 20:32:40] [PROGRESS] resolve files> Scanning /home/nikita/StudioProjects/pam_bio/.git/objects/92...
[2026-09-08 20:32:40] [PROGRESS] resolve files> Scanning /home/nikita/StudioProjects/pam_bio/.git/objects/89...
[2026-09-08 20:32:40] [PROGRESS] resolve files> Scanning /home/nikita/StudioProjects/pam_bio/.git/objects/47...
[2026-09-08 20:32:40] [PROGRESS] resolve files> Scanning /home/nikita/StudioProjects/pam_bio/.git/objects/4c...
[2026-09-08 20:32:40] [PROGRESS] resolve files> Scanning /home/nikita/StudioProjects/pam_bio/.git/objects/e5...
[2026-09-08 20:32:40] [PROGRESS] resolve files> Scanning /home/nikita/StudioProjects/pam_bio/.git/objects/5b...
[2026-09-08 20:32:40] [PROGRESS] resolve files> Scanning /home/nikita/StudioProjects/pam_bio/.git/objects/e4...
[2026-09-08 20:32:40] [PROGRESS] resolve files> Scanning /home/nikita/StudioProjects/pam_bio/.git/objects/b8...
[2026-09-08 20:32:40] [PROGRESS] resolve files> Scanning /home/nikita/StudioProjects/pam_bio/.git/objects/cc...
[2026-09-08 20:32:40] [PROGRESS] resolve files> Scanning /home/nikita/StudioProjects/pam_bio/.git/objects/27...
[2026-09-08 20:32:40] [PROGRESS] resolve files> Scanning /home/nikita/StudioProjects/pam_bio/.git/objects/f4...
[2026-09-08 20:32:40] [PROGRESS] resolve files> Scanning /home/nikita/StudioProjects/pam_bio/.git/objects/0f...
[2026-09-08 20:32:40] [PROGRESS] resolve files> Scanning /home/nikita/StudioProjects/pam_bio/.git/objects/eb...
[2026-09-08 20:32:40] [PROGRESS] resolve files> Scanning /home/nikita/StudioProjects/pam_bio/.git/objects/fa...
[2026-09-08 20:32:40] [PROGRESS] resolve files> Scanning /home/nikita/StudioProjects/pam_bio/.git/objects/78...
[2026-09-08 20:32:40] [PROGRESS] resolve files> Scanning /home/nikita/StudioProjects/pam_bio/.git/objects/8a...
[2026-09-08 20:32:40] [PROGRESS] resolve files> Scanning /home/nikita/StudioProjects/pam_bio/.git/objects/7a...
[2026-09-08 20:32:40] [PROGRESS] resolve files> Scanning /home/nikita/StudioProjects/pam_bio/.git/objects/44...
[2026-09-08 20:32:40] [PROGRESS] resolve files> Scanning /home/nikita/StudioProjects/pam_bio/.git/objects/f6...
[2026-09-08 20:32:40] [PROGRESS] resolve files> Scanning /home/nikita/StudioProjects/pam_bio/.git/objects/21...
[2026-09-08 20:32:40] [PROGRESS] resolve files> Scanning /home/nikita/StudioProjects/pam_bio/.git/objects/00...
[2026-09-08 20:32:40] [PROGRESS] resolve files> Scanning /home/nikita/StudioProjects/pam_bio/.git/objects/15...
[2026-09-08 20:32:40] [PROGRESS] resolve files> Scanning /home/nikita/StudioProjects/pam_bio/.git/objects/43...
[2026-09-08 20:32:40] [PROGRESS] resolve files> Scanning /home/nikita/StudioProjects/pam_bio/.git/objects/ca...
[2026-09-08 20:32:40] [PROGRESS] resolve files> Scanning /home/nikita/StudioProjects/pam_bio/.git/objects/37...
[2026-09-08 20:32:40] [PROGRESS] resolve files> Scanning /home/nikita/StudioProjects/pam_bio/.git/objects/81...
[2026-09-08 20:32:40] [PROGRESS] resolve files> Scanning /home/nikita/StudioProjects/pam_bio/.git/objects/a8...
[2026-09-08 20:32:40] [PROGRESS] resolve files> Scanning /home/nikita/StudioProjects/pam_bio/.git/objects/b3...
[2026-09-08 20:32:40] [PROGRESS] resolve files> Scanning /home/nikita/StudioProjects/pam_bio/.git/objects/30...
[2026-09-08 20:32:40] [PROGRESS] resolve files> Scanning /home/nikita/StudioProjects/pam_bio/.git/objects/70...
[2026-09-08 20:32:40] [PROGRESS] resolve files> Scanning /home/nikita/StudioProjects/pam_bio/.git/objects/32...
[2026-09-08 20:32:40] [PROGRESS] resolve files> Scanning /home/nikita/StudioProjects/pam_bio/.git/objects/a5...
[2026-09-08 20:32:40] [PROGRESS] resolve files> Scanning /home/nikita/StudioProjects/pam_bio/.git/objects/e2...
[2026-09-08 20:32:40] [PROGRESS] resolve files> Scanning /home/nikita/StudioProjects/pam_bio/.git/objects/ba...
[2026-09-08 20:32:40] [PROGRESS] resolve files> Scanning /home/nikita/StudioProjects/pam_bio/.git/objects/45...
[2026-09-08 20:32:40] [PROGRESS] resolve files> Scanning /home/nikita/StudioProjects/pam_bio/.git/objects/d3...
[2026-09-08 20:32:40] [PROGRESS] resolve files> Scanning /home/nikita/StudioProjects/pam_bio/.git/objects/52...
[2026-09-08 20:32:40] [PROGRESS] resolve files> Scanning /home/nikita/StudioProjects/pam_bio/.git/objects/11...
[2026-09-08 20:32:40] [PROGRESS] resolve files> Scanning /home/nikita/StudioProjects/pam_bio/.git/objects/72...
[2026-09-08 20:32:40] [PROGRESS] resolve files> Scanning /home/nikita/StudioProjects/pam_bio/.git/objects/8c...
[2026-09-08 20:32:40] [PROGRESS] resolve files> Scanning /home/nikita/StudioProjects/pam_bio/.git/objects/28...
[2026-09-08 20:32:40] [PROGRESS] resolve files> Scanning /home/nikita/StudioProjects/pam_bio/.git/objects/cb...
[2026-09-08 20:32:40] [PROGRESS] resolve files> Scanning /home/nikita/StudioProjects/pam_bio/.git/logs...
[2026-09-08 20:32:40] [PROGRESS] resolve files> Scanning /home/nikita/StudioProjects/pam_bio/.git/logs/refs...
[2026-09-08 20:32:40] [PROGRESS] resolve files> Scanning /home/nikita/StudioProjects/pam_bio/.git/logs/refs/heads...
[2026-09-08 20:32:40] [PROGRESS] resolve files> Scanning /home/nikita/StudioProjects/pam_bio/.git/logs/refs/remotes...
[2026-09-08 20:32:40] [PROGRESS] resolve files> Scanning /home/nikita/StudioProjects/pam_bio/.git/logs/refs/remotes/origin...
[2026-09-08 20:32:40] [PROGRESS] resolve files> Scanning /home/nikita/StudioProjects/pam_bio/packaging...
[2026-09-08 20:32:40] [PROGRESS] resolve files> Scanning /home/nikita/StudioProjects/pam_bio/packaging/pambiod...
[2026-09-08 20:32:40] [PROGRESS] resolve files> Scanning /home/nikita/StudioProjects/pam_bio/packaging/pambiod/DEBIAN...
[2026-09-08 20:32:40] [PROGRESS] resolve files> Scanning /home/nikita/StudioProjects/pam_bio/packaging/pambiod/usr...
[2026-09-08 20:32:40] [PROGRESS] resolve files> Scanning /home/nikita/StudioProjects/pam_bio/packaging/pambiod/usr/bin...
[2026-09-08 20:32:40] [PROGRESS] resolve files> Scanning /home/nikita/StudioProjects/pam_bio/packaging/pambiod/lib...
[2026-09-08 20:32:40] [PROGRESS] resolve files> Scanning /home/nikita/StudioProjects/pam_bio/packaging/pambiod/lib/systemd...
[2026-09-08 20:32:40] [PROGRESS] resolve files> Scanning /home/nikita/StudioProjects/pam_bio/packaging/pambiod/lib/systemd/system...
[2026-09-08 20:32:40] [PROGRESS] resolve files> Scanning /home/nikita/StudioProjects/pam_bio/packaging/pam-bio...
[2026-09-08 20:32:40] [PROGRESS] resolve files> Scanning /home/nikita/StudioProjects/pam_bio/packaging/pam-bio/DEBIAN...
[2026-09-08 20:32:40] [PROGRESS] resolve files> Scanning /home/nikita/StudioProjects/pam_bio/packaging/pam-bio/usr...
[2026-09-08 20:32:40] [PROGRESS] resolve files> Scanning /home/nikita/StudioProjects/pam_bio/packaging/pam-bio/usr/lib...
[2026-09-08 20:32:40] [PROGRESS] resolve files> Scanning /home/nikita/StudioProjects/pam_bio/packaging/pam-bio/usr/lib/security...
[2026-09-08 20:32:40] [PROGRESS] resolve files> Scanning /home/nikita/StudioProjects/pam_bio/packaging/pam-bio/usr/share...
[2026-09-08 20:32:40] [PROGRESS] resolve files> Scanning /home/nikita/StudioProjects/pam_bio/packaging/pam-bio/usr/share/pam-configs...
[2026-09-08 20:32:40] [PROGRESS] resolve files> Scanning /home/nikita/StudioProjects/pam_bio/.github...
[2026-09-08 20:32:40] [PROGRESS] resolve files> Scanning /home/nikita/StudioProjects/pam_bio/.github/workflows...
[2026-09-08 20:32:40] [PROGRESS] resolve files> Scanning /home/nikita/StudioProjects/pam_bio/.github/scripts...
[2026-09-08 20:32:40] [PROGRESS] resolve files> Scanning /home/nikita/StudioProjects/pam_bio/codeql-db...
[2026-09-08 20:32:40] [PROGRESS] resolve files> Scanning /home/nikita/StudioProjects/pam_bio/codeql-db/log...
[2026-09-08 20:32:40] [PROGRESS] resolve files> Scanning /home/nikita/StudioProjects/pam_bio/codeql-db/log/ext...
[2026-09-08 20:32:40] [PROGRESS] resolve files> Scanning /home/nikita/StudioProjects/pam_bio/codeql-db/diagnostic...
[2026-09-08 20:32:40] [PROGRESS] resolve files> Scanning /home/nikita/StudioProjects/pam_bio/codeql-db/diagnostic/tracer...
[2026-09-08 20:32:40] [PROGRESS] resolve files> Scanning /home/nikita/StudioProjects/pam_bio/codeql-db/diagnostic/extractors...
[2026-09-08 20:32:40] [PROGRESS] resolve files> Scanning /home/nikita/StudioProjects/pam_bio/codeql-db/diagnostic/extractors/java...
[2026-09-08 20:32:40] [PROGRESS] resolve files> Scanning /home/nikita/StudioProjects/pam_bio/codeql-db/diagnostic/extractors/xml...
[2026-09-08 20:32:40] [PROGRESS] resolve files> Scanning /home/nikita/StudioProjects/pam_bio/codeql-db/working...
[2026-09-08 20:32:40] [PROGRESS] resolve files> Scanning /home/nikita/StudioProjects/pam_bio/codeql-db/trap...
[2026-09-08 20:32:40] [PROGRESS] resolve files> Scanning /home/nikita/StudioProjects/pam_bio/codeql-db/trap/java...
[2026-09-08 20:32:40] [PROGRESS] resolve files> Scanning /home/nikita/StudioProjects/pam_bio/codeql-db/trap/java/diagnostics...
[2026-09-08 20:32:40] [PROGRESS] resolve files> Scanning /home/nikita/StudioProjects/pam_bio/codeql-db/trap/java/home...
[2026-09-08 20:32:40] [PROGRESS] resolve files> Scanning /home/nikita/StudioProjects/pam_bio/codeql-db/trap/java/home/nikita...
[2026-09-08 20:32:40] [PROGRESS] resolve files> Scanning /home/nikita/StudioProjects/pam_bio/codeql-db/trap/java/home/nikita/StudioProjects...
[2026-09-08 20:32:40] [PROGRESS] resolve files> Scanning /home/nikita/StudioProjects/pam_bio/codeql-db/trap/java/home/nikita/StudioProjects/pam_bio...
[2026-09-08 20:32:40] [PROGRESS] resolve files> Scanning /home/nikita/StudioProjects/pam_bio/codeql-db/trap/java/home/nikita/StudioProjects/pam_bio/android...
[2026-09-08 20:32:40] [PROGRESS] resolve files> Scanning /home/nikita/StudioProjects/pam_bio/codeql-db/trap/java/home/nikita/StudioProjects/pam_bio/android/app...
[2026-09-08 20:32:40] [PROGRESS] resolve files> Scanning /home/nikita/StudioProjects/pam_bio/codeql-db/trap/java/home/nikita/StudioProjects/pam_bio/android/app/build...
[2026-09-08 20:32:40] [PROGRESS] resolve files> Scanning /home/nikita/StudioProjects/pam_bio/codeql-db/trap/java/home/nikita/StudioProjects/pam_bio/android/app/build/generated...
[2026-09-08 20:32:40] [PROGRESS] resolve files> Scanning /home/nikita/StudioProjects/pam_bio/codeql-db/trap/java/home/nikita/StudioProjects/pam_bio/android/app/build/generated/source...
[2026-09-08 20:32:40] [PROGRESS] resolve files> Scanning /home/nikita/StudioProjects/pam_bio/codeql-db/trap/java/home/nikita/StudioProjects/pam_bio/android/app/build/generated/source/buildConfig...
[2026-09-08 20:32:40] [PROGRESS] resolve files> Scanning /home/nikita/StudioProjects/pam_bio/codeql-db/trap/java/home/nikita/StudioProjects/pam_bio/android/app/build/generated/source/buildConfig/debug...
[2026-09-08 20:32:40] [PROGRESS] resolve files> Scanning /home/nikita/StudioProjects/pam_bio/codeql-db/trap/java/home/nikita/StudioProjects/pam_bio/android/app/build/generated/source/buildConfig/debug/ovh...
[2026-09-08 20:32:40] [PROGRESS] resolve files> Scanning /home/nikita/StudioProjects/pam_bio/codeql-db/trap/java/home/nikita/StudioProjects/pam_bio/android/app/build/generated/source/buildConfig/debug/ovh/dep...
[2026-09-08 20:32:40] [PROGRESS] resolve files> Scanning /home/nikita/StudioProjects/pam_bio/codeql-db/trap/java/home/nikita/StudioProjects/pam_bio/android/app/build/generated/source/buildConfig/debug/ovh/dep/pam...
[2026-09-08 20:32:40] [PROGRESS] resolve files> Scanning /home/nikita/StudioProjects/pam_bio/codeql-db/trap/java/home/nikita/StudioProjects/pam_bio/android/app/build/intermediates...
[2026-09-08 20:32:40] [PROGRESS] resolve files> Scanning /home/nikita/StudioProjects/pam_bio/codeql-db/trap/java/home/nikita/StudioProjects/pam_bio/android/app/build/intermediates/incremental...
[2026-09-08 20:32:40] [PROGRESS] resolve files> Scanning /home/nikita/StudioProjects/pam_bio/codeql-db/trap/java/home/nikita/StudioProjects/pam_bio/android/app/build/intermediates/incremental/debug...
[2026-09-08 20:32:40] [PROGRESS] resolve files> Scanning /home/nikita/StudioProjects/pam_bio/codeql-db/trap/java/home/nikita/StudioProjects/pam_bio/android/app/build/intermediates/incremental/debug/mergeDebugResources...
[2026-09-08 20:32:40] [PROGRESS] resolve files> Scanning /home/nikita/StudioProjects/pam_bio/codeql-db/trap/java/home/nikita/StudioProjects/pam_bio/android/app/build/intermediates/incremental/debug/mergeDebugResources/merged.dir...
[2026-09-08 20:32:40] [PROGRESS] resolve files> Scanning /home/nikita/StudioProjects/pam_bio/codeql-db/trap/java/home/nikita/StudioProjects/pam_bio/android/app/build/intermediates/incremental/debug/mergeDebugResources/merged.dir/values-af...
[2026-09-08 20:32:40] [PROGRESS] resolve files> Scanning /home/nikita/StudioProjects/pam_bio/codeql-db/trap/java/home/nikita/StudioProjects/pam_bio/android/app/build/intermediates/incremental/debug/mergeDebugResources/merged.dir/values-am...
[2026-09-08 20:32:40] [PROGRESS] resolve files> Scanning /home/nikita/StudioProjects/pam_bio/codeql-db/trap/java/home/nikita/StudioProjects/pam_bio/android/app/build/intermediates/incremental/debug/mergeDebugResources/merged.dir/values-ar...
[2026-09-08 20:32:40] [PROGRESS] resolve files> Scanning /home/nikita/StudioProjects/pam_bio/codeql-db/trap/java/home/nikita/StudioProjects/pam_bio/android/app/build/intermediates/incremental/debug/mergeDebugResources/merged.dir/values-as...
[2026-09-08 20:32:40] [PROGRESS] resolve files> Scanning /home/nikita/StudioProjects/pam_bio/codeql-db/trap/java/home/nikita/StudioProjects/pam_bio/android/app/build/intermediates/incremental/debug/mergeDebugResources/merged.dir/values-az...
[2026-09-08 20:32:40] [PROGRESS] resolve files> Scanning /home/nikita/StudioProjects/pam_bio/codeql-db/trap/java/home/nikita/StudioProjects/pam_bio/android/app/build/intermediates/incremental/debug/mergeDebugResources/merged.dir/values-b+sr+Latn...
[2026-09-08 20:32:40] [PROGRESS] resolve files> Scanning /home/nikita/StudioProjects/pam_bio/codeql-db/trap/java/home/nikita/StudioProjects/pam_bio/android/app/build/intermediates/incremental/debug/mergeDebugResources/merged.dir/values-be...
[2026-09-08 20:32:40] [PROGRESS] resolve files> Scanning /home/nikita/StudioProjects/pam_bio/codeql-db/trap/java/home/nikita/StudioProjects/pam_bio/android/app/build/intermediates/incremental/debug/mergeDebugResources/merged.dir/values-bg...
[2026-09-08 20:32:40] [PROGRESS] resolve files> Scanning /home/nikita/StudioProjects/pam_bio/codeql-db/trap/java/home/nikita/StudioProjects/pam_bio/android/app/build/intermediates/incremental/debug/mergeDebugResources/merged.dir/values-bn...
[2026-09-08 20:32:40] [PROGRESS] resolve files> Scanning /home/nikita/StudioProjects/pam_bio/codeql-db/trap/java/home/nikita/StudioProjects/pam_bio/android/app/build/intermediates/incremental/debug/mergeDebugResources/merged.dir/values-bs...
[2026-09-08 20:32:40] [PROGRESS] resolve files> Scanning /home/nikita/StudioProjects/pam_bio/codeql-db/trap/java/home/nikita/StudioProjects/pam_bio/android/app/build/intermediates/incremental/debug/mergeDebugResources/merged.dir/values-ca...
[2026-09-08 20:32:40] [PROGRESS] resolve files> Scanning /home/nikita/StudioProjects/pam_bio/codeql-db/trap/java/home/nikita/StudioProjects/pam_bio/android/app/build/intermediates/incremental/debug/mergeDebugResources/merged.dir/values-cs...
[2026-09-08 20:32:40] [PROGRESS] resolve files> Scanning /home/nikita/StudioProjects/pam_bio/codeql-db/trap/java/home/nikita/StudioProjects/pam_bio/android/app/build/intermediates/incremental/debug/mergeDebugResources/merged.dir/values-da...
[2026-09-08 20:32:40] [PROGRESS] resolve files> Scanning /home/nikita/StudioProjects/pam_bio/codeql-db/trap/java/home/nikita/StudioProjects/pam_bio/android/app/build/intermediates/incremental/debug/mergeDebugResources/merged.dir/values-de...
[2026-09-08 20:32:40] [PROGRESS] resolve files> Scanning /home/nikita/StudioProjects/pam_bio/codeql-db/trap/java/home/nikita/StudioProjects/pam_bio/android/app/build/intermediates/incremental/debug/mergeDebugResources/merged.dir/values-el...
[2026-09-08 20:32:40] [PROGRESS] resolve files> Scanning /home/nikita/StudioProjects/pam_bio/codeql-db/trap/java/home/nikita/StudioProjects/pam_bio/android/app/build/intermediates/incremental/debug/mergeDebugResources/merged.dir/values-en-rAU...
[2026-09-08 20:32:40] [PROGRESS] resolve files> Scanning /home/nikita/StudioProjects/pam_bio/codeql-db/trap/java/home/nikita/StudioProjects/pam_bio/android/app/build/intermediates/incremental/debug/mergeDebugResources/merged.dir/values-en-rCA...
[2026-09-08 20:32:40] [PROGRESS] resolve files> Scanning /home/nikita/StudioProjects/pam_bio/codeql-db/trap/java/home/nikita/StudioProjects/pam_bio/android/app/build/intermediates/incremental/debug/mergeDebugResources/merged.dir/values-en-rGB...
[2026-09-08 20:32:40] [PROGRESS] resolve files> Scanning /home/nikita/StudioProjects/pam_bio/codeql-db/trap/java/home/nikita/StudioProjects/pam_bio/android/app/build/intermediates/incremental/debug/mergeDebugResources/merged.dir/values-en-rIN...
[2026-09-08 20:32:40] [PROGRESS] resolve files> Scanning /home/nikita/StudioProjects/pam_bio/codeql-db/trap/java/home/nikita/StudioProjects/pam_bio/android/app/build/intermediates/incremental/debug/mergeDebugResources/merged.dir/values-en-rXC...
[2026-09-08 20:32:40] [PROGRESS] resolve files> Scanning /home/nikita/StudioProjects/pam_bio/codeql-db/trap/java/home/nikita/StudioProjects/pam_bio/android/app/build/intermediates/incremental/debug/mergeDebugResources/merged.dir/values-en...
[2026-09-08 20:32:40] [PROGRESS] resolve files> Scanning /home/nikita/StudioProjects/pam_bio/codeql-db/trap/java/home/nikita/StudioProjects/pam_bio/android/app/build/intermediates/incremental/debug/mergeDebugResources/merged.dir/values-es-rUS...
[2026-09-08 20:32:40] [PROGRESS] resolve files> Scanning /home/nikita/StudioProjects/pam_bio/codeql-db/trap/java/home/nikita/StudioProjects/pam_bio/android/app/build/intermediates/incremental/debug/mergeDebugResources/merged.dir/values-es...
[2026-09-08 20:32:40] [PROGRESS] resolve files> Scanning /home/nikita/StudioProjects/pam_bio/codeql-db/trap/java/home/nikita/StudioProjects/pam_bio/android/app/build/intermediates/incremental/debug/mergeDebugResources/merged.dir/values-et...
[2026-09-08 20:32:40] [PROGRESS] resolve files> Scanning /home/nikita/StudioProjects/pam_bio/codeql-db/trap/java/home/nikita/StudioProjects/pam_bio/android/app/build/intermediates/incremental/debug/mergeDebugResources/merged.dir/values-eu...
[2026-09-08 20:32:40] [PROGRESS] resolve files> Scanning /home/nikita/StudioProjects/pam_bio/codeql-db/trap/java/home/nikita/StudioProjects/pam_bio/android/app/build/intermediates/incremental/debug/mergeDebugResources/merged.dir/values-fa...
[2026-09-08 20:32:40] [PROGRESS] resolve files> Scanning /home/nikita/StudioProjects/pam_bio/codeql-db/trap/java/home/nikita/StudioProjects/pam_bio/android/app/build/intermediates/incremental/debug/mergeDebugResources/merged.dir/values-fi...
[2026-09-08 20:32:40] [PROGRESS] resolve files> Scanning /home/nikita/StudioProjects/pam_bio/codeql-db/trap/java/home/nikita/StudioProjects/pam_bio/android/app/build/intermediates/incremental/debug/mergeDebugResources/merged.dir/values-fr-rCA...
[2026-09-08 20:32:40] [PROGRESS] resolve files> Scanning /home/nikita/StudioProjects/pam_bio/codeql-db/trap/java/home/nikita/StudioProjects/pam_bio/android/app/build/intermediates/incremental/debug/mergeDebugResources/merged.dir/values-fr...
[2026-09-08 20:32:40] [PROGRESS] resolve files> Scanning /home/nikita/StudioProjects/pam_bio/codeql-db/trap/java/home/nikita/StudioProjects/pam_bio/android/app/build/intermediates/incremental/debug/mergeDebugResources/merged.dir/values-gl...
[2026-09-08 20:32:40] [PROGRESS] resolve files> Scanning /home/nikita/StudioProjects/pam_bio/codeql-db/trap/java/home/nikita/StudioProjects/pam_bio/android/app/build/intermediates/incremental/debug/mergeDebugResources/merged.dir/values-gu...
[2026-09-08 20:32:40] [PROGRESS] resolve files> Scanning /home/nikita/StudioProjects/pam_bio/codeql-db/trap/java/home/nikita/StudioProjects/pam_bio/android/app/build/intermediates/incremental/debug/mergeDebugResources/merged.dir/values-h720dp-v13...
[2026-09-08 20:32:40] [PROGRESS] resolve files> Scanning /home/nikita/StudioProjects/pam_bio/codeql-db/trap/java/home/nikita/StudioProjects/pam_bio/android/app/build/intermediates/incremental/debug/mergeDebugResources/merged.dir/values-hdpi-v4...
[2026-09-08 20:32:40] [PROGRESS] resolve files> Scanning /home/nikita/StudioProjects/pam_bio/codeql-db/trap/java/home/nikita/StudioProjects/pam_bio/android/app/build/intermediates/incremental/debug/mergeDebugResources/merged.dir/values-hi...
[2026-09-08 20:32:40] [PROGRESS] resolve files> Scanning /home/nikita/StudioProjects/pam_bio/codeql-db/trap/java/home/nikita/StudioProjects/pam_bio/android/app/build/intermediates/incremental/debug/mergeDebugResources/merged.dir/values-hr...
[2026-09-08 20:32:40] [PROGRESS] resolve files> Scanning /home/nikita/StudioProjects/pam_bio/codeql-db/trap/java/home/nikita/StudioProjects/pam_bio/android/app/build/intermediates/incremental/debug/mergeDebugResources/merged.dir/values-hu...
[2026-09-08 20:32:40] [PROGRESS] resolve files> Scanning /home/nikita/StudioProjects/pam_bio/codeql-db/trap/java/home/nikita/StudioProjects/pam_bio/android/app/build/intermediates/incremental/debug/mergeDebugResources/merged.dir/values-hy...
[2026-09-08 20:32:40] [PROGRESS] resolve files> Scanning /home/nikita/StudioProjects/pam_bio/codeql-db/trap/java/home/nikita/StudioProjects/pam_bio/android/app/build/intermediates/incremental/debug/mergeDebugResources/merged.dir/values-in...
[2026-09-08 20:32:40] [PROGRESS] resolve files> Scanning /home/nikita/StudioProjects/pam_bio/codeql-db/trap/java/home/nikita/StudioProjects/pam_bio/android/app/build/intermediates/incremental/debug/mergeDebugResources/merged.dir/values-is...
[2026-09-08 20:32:40] [PROGRESS] resolve files> Scanning /home/nikita/StudioProjects/pam_bio/codeql-db/trap/java/home/nikita/StudioProjects/pam_bio/android/app/build/intermediates/incremental/debug/mergeDebugResources/merged.dir/values-it...
[2026-09-08 20:32:40] [PROGRESS] resolve files> Scanning /home/nikita/StudioProjects/pam_bio/codeql-db/trap/java/home/nikita/StudioProjects/pam_bio/android/app/build/intermediates/incremental/debug/mergeDebugResources/merged.dir/values-iw...
[2026-09-08 20:32:40] [PROGRESS] resolve files> Scanning /home/nikita/StudioProjects/pam_bio/codeql-db/trap/java/home/nikita/StudioProjects/pam_bio/android/app/build/intermediates/incremental/debug/mergeDebugResources/merged.dir/values-ja...
[2026-09-08 20:32:40] [PROGRESS] resolve files> Scanning /home/nikita/StudioProjects/pam_bio/codeql-db/trap/java/home/nikita/StudioProjects/pam_bio/android/app/build/intermediates/incremental/debug/mergeDebugResources/merged.dir/values-ka...
[2026-09-08 20:32:40] [PROGRESS] resolve files> Scanning /home/nikita/StudioProjects/pam_bio/codeql-db/trap/java/home/nikita/StudioProjects/pam_bio/android/app/build/intermediates/incremental/debug/mergeDebugResources/merged.dir/values-kk...
[2026-09-08 20:32:40] [PROGRESS] resolve files> Scanning /home/nikita/StudioProjects/pam_bio/codeql-db/trap/java/home/nikita/StudioProjects/pam_bio/android/app/build/intermediates/incremental/debug/mergeDebugResources/merged.dir/values-km...
[2026-09-08 20:32:40] [PROGRESS] resolve files> Scanning /home/nikita/StudioProjects/pam_bio/codeql-db/trap/java/home/nikita/StudioProjects/pam_bio/android/app/build/intermediates/incremental/debug/mergeDebugResources/merged.dir/values-kn...
[2026-09-08 20:32:40] [PROGRESS] resolve files> Scanning /home/nikita/StudioProjects/pam_bio/codeql-db/trap/java/home/nikita/StudioProjects/pam_bio/android/app/build/intermediates/incremental/debug/mergeDebugResources/merged.dir/values-ko...
[2026-09-08 20:32:40] [PROGRESS] resolve files> Scanning /home/nikita/StudioProjects/pam_bio/codeql-db/trap/java/home/nikita/StudioProjects/pam_bio/android/app/build/intermediates/incremental/debug/mergeDebugResources/merged.dir/values-ky...
[2026-09-08 20:32:40] [PROGRESS] resolve files> Scanning /home/nikita/StudioProjects/pam_bio/codeql-db/trap/java/home/nikita/StudioProjects/pam_bio/android/app/build/intermediates/incremental/debug/mergeDebugResources/merged.dir/values-land...
[2026-09-08 20:32:40] [PROGRESS] resolve files> Scanning /home/nikita/StudioProjects/pam_bio/codeql-db/trap/java/home/nikita/StudioProjects/pam_bio/android/app/build/intermediates/incremental/debug/mergeDebugResources/merged.dir/values-large-v4...
[2026-09-08 20:32:40] [PROGRESS] resolve files> Scanning /home/nikita/StudioProjects/pam_bio/codeql-db/trap/java/home/nikita/StudioProjects/pam_bio/android/app/build/intermediates/incremental/debug/mergeDebugResources/merged.dir/values-ldltr-v21...
[2026-09-08 20:32:40] [PROGRESS] resolve files> Scanning /home/nikita/StudioProjects/pam_bio/codeql-db/trap/java/home/nikita/StudioProjects/pam_bio/android/app/build/intermediates/incremental/debug/mergeDebugResources/merged.dir/values-lo...
[2026-09-08 20:32:40] [PROGRESS] resolve files> Scanning /home/nikita/StudioProjects/pam_bio/codeql-db/trap/java/home/nikita/StudioProjects/pam_bio/android/app/build/intermediates/incremental/debug/mergeDebugResources/merged.dir/values-lt...
[2026-09-08 20:32:40] [PROGRESS] resolve files> Scanning /home/nikita/StudioProjects/pam_bio/codeql-db/trap/java/home/nikita/StudioProjects/pam_bio/android/app/build/intermediates/incremental/debug/mergeDebugResources/merged.dir/values-lv...
[2026-09-08 20:32:40] [PROGRESS] resolve files> Scanning /home/nikita/StudioProjects/pam_bio/codeql-db/trap/java/home/nikita/StudioProjects/pam_bio/android/app/build/intermediates/incremental/debug/mergeDebugResources/merged.dir/values-mk...
[2026-09-08 20:32:40] [PROGRESS] resolve files> Scanning /home/nikita/StudioProjects/pam_bio/codeql-db/trap/java/home/nikita/StudioProjects/pam_bio/android/app/build/intermediates/incremental/debug/mergeDebugResources/merged.dir/values-ml...
[2026-09-08 20:32:40] [PROGRESS] resolve files> Scanning /home/nikita/StudioProjects/pam_bio/codeql-db/trap/java/home/nikita/StudioProjects/pam_bio/android/app/build/intermediates/incremental/debug/mergeDebugResources/merged.dir/values-mn...
[2026-09-08 20:32:40] [PROGRESS] resolve files> Scanning /home/nikita/StudioProjects/pam_bio/codeql-db/trap/java/home/nikita/StudioProjects/pam_bio/android/app/build/intermediates/incremental/debug/mergeDebugResources/merged.dir/values-mr...
[2026-09-08 20:32:40] [PROGRESS] resolve files> Scanning /home/nikita/StudioProjects/pam_bio/codeql-db/trap/java/home/nikita/StudioProjects/pam_bio/android/app/build/intermediates/incremental/debug/mergeDebugResources/merged.dir/values-ms...
[2026-09-08 20:32:40] [PROGRESS] resolve files> Scanning /home/nikita/StudioProjects/pam_bio/codeql-db/trap/java/home/nikita/StudioProjects/pam_bio/android/app/build/intermediates/incremental/debug/mergeDebugResources/merged.dir/values-my...
[2026-09-08 20:32:40] [PROGRESS] resolve files> Scanning /home/nikita/StudioProjects/pam_bio/codeql-db/trap/java/home/nikita/StudioProjects/pam_bio/android/app/build/intermediates/incremental/debug/mergeDebugResources/merged.dir/values-nb...
[2026-09-08 20:32:40] [PROGRESS] resolve files> Scanning /home/nikita/StudioProjects/pam_bio/codeql-db/trap/java/home/nikita/StudioProjects/pam_bio/android/app/build/intermediates/incremental/debug/mergeDebugResources/merged.dir/values-ne...
[2026-09-08 20:32:40] [PROGRESS] resolve files> Scanning /home/nikita/StudioProjects/pam_bio/codeql-db/trap/java/home/nikita/StudioProjects/pam_bio/android/app/build/intermediates/incremental/debug/mergeDebugResources/merged.dir/values-night-v8...
[2026-09-08 20:32:40] [PROGRESS] resolve files> Scanning /home/nikita/StudioProjects/pam_bio/codeql-db/trap/java/home/nikita/StudioProjects/pam_bio/android/app/build/intermediates/incremental/debug/mergeDebugResources/merged.dir/values-nl...
[2026-09-08 20:32:40] [PROGRESS] resolve files> Scanning /home/nikita/StudioProjects/pam_bio/codeql-db/trap/java/home/nikita/StudioProjects/pam_bio/android/app/build/intermediates/incremental/debug/mergeDebugResources/merged.dir/values-or...
[2026-09-08 20:32:40] [PROGRESS] resolve files> Scanning /home/nikita/StudioProjects/pam_bio/codeql-db/trap/java/home/nikita/StudioProjects/pam_bio/android/app/build/intermediates/incremental/debug/mergeDebugResources/merged.dir/values-pa...
[2026-09-08 20:32:40] [PROGRESS] resolve files> Scanning /home/nikita/StudioProjects/pam_bio/codeql-db/trap/java/home/nikita/StudioProjects/pam_bio/android/app/build/intermediates/incremental/debug/mergeDebugResources/merged.dir/values-pl...
[2026-09-08 20:32:40] [PROGRESS] resolve files> Scanning /home/nikita/StudioProjects/pam_bio/codeql-db/trap/java/home/nikita/StudioProjects/pam_bio/android/app/build/intermediates/incremental/debug/mergeDebugResources/merged.dir/values-port...
[2026-09-08 20:32:40] [PROGRESS] resolve files> Scanning /home/nikita/StudioProjects/pam_bio/codeql-db/trap/java/home/nikita/StudioProjects/pam_bio/android/app/build/intermediates/incremental/debug/mergeDebugResources/merged.dir/values-pt-rBR...
[2026-09-08 20:32:40] [PROGRESS] resolve files> Scanning /home/nikita/StudioProjects/pam_bio/codeql-db/trap/java/home/nikita/StudioProjects/pam_bio/android/app/build/intermediates/incremental/debug/mergeDebugResources/merged.dir/values-pt-rPT...
[2026-09-08 20:32:40] [PROGRESS] resolve files> Scanning /home/nikita/StudioProjects/pam_bio/codeql-db/trap/java/home/nikita/StudioProjects/pam_bio/android/app/build/intermediates/incremental/debug/mergeDebugResources/merged.dir/values-pt...
[2026-09-08 20:32:40] [PROGRESS] resolve files> Scanning /home/nikita/StudioProjects/pam_bio/codeql-db/trap/java/home/nikita/StudioProjects/pam_bio/android/app/build/intermediates/incremental/debug/mergeDebugResources/merged.dir/values-ro...
[2026-09-08 20:32:40] [PROGRESS] resolve files> Scanning /home/nikita/StudioProjects/pam_bio/codeql-db/trap/java/home/nikita/StudioProjects/pam_bio/android/app/build/intermediates/incremental/debug/mergeDebugResources/merged.dir/values-ru...
[2026-09-08 20:32:40] [PROGRESS] resolve files> Scanning /home/nikita/StudioProjects/pam_bio/codeql-db/trap/java/home/nikita/StudioProjects/pam_bio/android/app/build/intermediates/incremental/debug/mergeDebugResources/merged.dir/values-si...
[2026-09-08 20:32:40] [PROGRESS] resolve files> Scanning /home/nikita/StudioProjects/pam_bio/codeql-db/trap/java/home/nikita/StudioProjects/pam_bio/android/app/build/intermediates/incremental/debug/mergeDebugResources/merged.dir/values-sk...
[2026-09-08 20:32:40] [PROGRESS] resolve files> Scanning /home/nikita/StudioProjects/pam_bio/codeql-db/trap/java/home/nikita/StudioProjects/pam_bio/android/app/build/intermediates/incremental/debug/mergeDebugResources/merged.dir/values-sl...
[2026-09-08 20:32:40] [PROGRESS] resolve files> Scanning /home/nikita/StudioProjects/pam_bio/codeql-db/trap/java/home/nikita/StudioProjects/pam_bio/android/app/build/intermediates/incremental/debug/mergeDebugResources/merged.dir/values-sq...
[2026-09-08 20:32:40] [PROGRESS] resolve files> Scanning /home/nikita/StudioProjects/pam_bio/codeql-db/trap/java/home/nikita/StudioProjects/pam_bio/android/app/build/intermediates/incremental/debug/mergeDebugResources/merged.dir/values-sr...
[2026-09-08 20:32:40] [PROGRESS] resolve files> Scanning /home/nikita/StudioProjects/pam_bio/codeql-db/trap/java/home/nikita/StudioProjects/pam_bio/android/app/build/intermediates/incremental/debug/mergeDebugResources/merged.dir/values-sv...
[2026-09-08 20:32:40] [PROGRESS] resolve files> Scanning /home/nikita/StudioProjects/pam_bio/codeql-db/trap/java/home/nikita/StudioProjects/pam_bio/android/app/build/intermediates/incremental/debug/mergeDebugResources/merged.dir/values-sw...
[2026-09-08 20:32:40] [PROGRESS] resolve files> Scanning /home/nikita/StudioProjects/pam_bio/codeql-db/trap/java/home/nikita/StudioProjects/pam_bio/android/app/build/intermediates/incremental/debug/mergeDebugResources/merged.dir/values-sw600dp-v13...
[2026-09-08 20:32:40] [PROGRESS] resolve files> Scanning /home/nikita/StudioProjects/pam_bio/codeql-db/trap/java/home/nikita/StudioProjects/pam_bio/android/app/build/intermediates/incremental/debug/mergeDebugResources/merged.dir/values-ta...
[2026-09-08 20:32:40] [PROGRESS] resolve files> Scanning /home/nikita/StudioProjects/pam_bio/codeql-db/trap/java/home/nikita/StudioProjects/pam_bio/android/app/build/intermediates/incremental/debug/mergeDebugResources/merged.dir/values-te...
[2026-09-08 20:32:40] [PROGRESS] resolve files> Scanning /home/nikita/StudioProjects/pam_bio/codeql-db/trap/java/home/nikita/StudioProjects/pam_bio/android/app/build/intermediates/incremental/debug/mergeDebugResources/merged.dir/values-th...
[2026-09-08 20:32:40] [PROGRESS] resolve files> Scanning /home/nikita/StudioProjects/pam_bio/codeql-db/trap/java/home/nikita/StudioProjects/pam_bio/android/app/build/intermediates/incremental/debug/mergeDebugResources/merged.dir/values-tl...
[2026-09-08 20:32:40] [PROGRESS] resolve files> Scanning /home/nikita/StudioProjects/pam_bio/codeql-db/trap/java/home/nikita/StudioProjects/pam_bio/android/app/build/intermediates/incremental/debug/mergeDebugResources/merged.dir/values-tr...
[2026-09-08 20:32:40] [PROGRESS] resolve files> Scanning /home/nikita/StudioProjects/pam_bio/codeql-db/trap/java/home/nikita/StudioProjects/pam_bio/android/app/build/intermediates/incremental/debug/mergeDebugResources/merged.dir/values-uk...
[2026-09-08 20:32:40] [PROGRESS] resolve files> Scanning /home/nikita/StudioProjects/pam_bio/codeql-db/trap/java/home/nikita/StudioProjects/pam_bio/android/app/build/intermediates/incremental/debug/mergeDebugResources/merged.dir/values-ur...
[2026-09-08 20:32:40] [PROGRESS] resolve files> Scanning /home/nikita/StudioProjects/pam_bio/codeql-db/trap/java/home/nikita/StudioProjects/pam_bio/android/app/build/intermediates/incremental/debug/mergeDebugResources/merged.dir/values-uz...
[2026-09-08 20:32:40] [PROGRESS] resolve files> Scanning /home/nikita/StudioProjects/pam_bio/codeql-db/trap/java/home/nikita/StudioProjects/pam_bio/android/app/build/intermediates/incremental/debug/mergeDebugResources/merged.dir/values-v16...
[2026-09-08 20:32:40] [PROGRESS] resolve files> Scanning /home/nikita/StudioProjects/pam_bio/codeql-db/trap/java/home/nikita/StudioProjects/pam_bio/android/app/build/intermediates/incremental/debug/mergeDebugResources/merged.dir/values-v17...
[2026-09-08 20:32:40] [PROGRESS] resolve files> Scanning /home/nikita/StudioProjects/pam_bio/codeql-db/trap/java/home/nikita/StudioProjects/pam_bio/android/app/build/intermediates/incremental/debug/mergeDebugResources/merged.dir/values-v18...
[2026-09-08 20:32:40] [PROGRESS] resolve files> Scanning /home/nikita/StudioProjects/pam_bio/codeql-db/trap/java/home/nikita/StudioProjects/pam_bio/android/app/build/intermediates/incremental/debug/mergeDebugResources/merged.dir/values-v21...
[2026-09-08 20:32:40] [PROGRESS] resolve files> Scanning /home/nikita/StudioProjects/pam_bio/codeql-db/trap/java/home/nikita/StudioProjects/pam_bio/android/app/build/intermediates/incremental/debug/mergeDebugResources/merged.dir/values-v22...
[2026-09-08 20:32:40] [PROGRESS] resolve files> Scanning /home/nikita/StudioProjects/pam_bio/codeql-db/trap/java/home/nikita/StudioProjects/pam_bio/android/app/build/intermediates/incremental/debug/mergeDebugResources/merged.dir/values-v23...
[2026-09-08 20:32:40] [PROGRESS] resolve files> Scanning /home/nikita/StudioProjects/pam_bio/codeql-db/trap/java/home/nikita/StudioProjects/pam_bio/android/app/build/intermediates/incremental/debug/mergeDebugResources/merged.dir/values-v24...
[2026-09-08 20:32:40] [PROGRESS] resolve files> Scanning /home/nikita/StudioProjects/pam_bio/codeql-db/trap/java/home/nikita/StudioProjects/pam_bio/android/app/build/intermediates/incremental/debug/mergeDebugResources/merged.dir/values-v25...
[2026-09-08 20:32:40] [PROGRESS] resolve files> Scanning /home/nikita/StudioProjects/pam_bio/codeql-db/trap/java/home/nikita/StudioProjects/pam_bio/android/app/build/intermediates/incremental/debug/mergeDebugResources/merged.dir/values-v26...
[2026-09-08 20:32:40] [PROGRESS] resolve files> Scanning /home/nikita/StudioProjects/pam_bio/codeql-db/trap/java/home/nikita/StudioProjects/pam_bio/android/app/build/intermediates/incremental/debug/mergeDebugResources/merged.dir/values-v28...
[2026-09-08 20:32:40] [PROGRESS] resolve files> Scanning /home/nikita/StudioProjects/pam_bio/codeql-db/trap/java/home/nikita/StudioProjects/pam_bio/android/app/build/intermediates/incremental/debug/mergeDebugResources/merged.dir/values-v30...
[2026-09-08 20:32:40] [PROGRESS] resolve files> Scanning /home/nikita/StudioProjects/pam_bio/codeql-db/trap/java/home/nikita/StudioProjects/pam_bio/android/app/build/intermediates/incremental/debug/mergeDebugResources/merged.dir/values-vi...
[2026-09-08 20:32:40] [PROGRESS] resolve files> Scanning /home/nikita/StudioProjects/pam_bio/codeql-db/trap/java/home/nikita/StudioProjects/pam_bio/android/app/build/intermediates/incremental/debug/mergeDebugResources/merged.dir/values-watch-v20...
[2026-09-08 20:32:40] [PROGRESS] resolve files> Scanning /home/nikita/StudioProjects/pam_bio/codeql-db/trap/java/home/nikita/StudioProjects/pam_bio/android/app/build/intermediates/incremental/debug/mergeDebugResources/merged.dir/values-watch-v21...
[2026-09-08 20:32:40] [PROGRESS] resolve files> Scanning /home/nikita/StudioProjects/pam_bio/codeql-db/trap/java/home/nikita/StudioProjects/pam_bio/android/app/build/intermediates/incremental/debug/mergeDebugResources/merged.dir/values-xlarge-v4...
[2026-09-08 20:32:40] [PROGRESS] resolve files> Scanning /home/nikita/StudioProjects/pam_bio/codeql-db/trap/java/home/nikita/StudioProjects/pam_bio/android/app/build/intermediates/incremental/debug/mergeDebugResources/merged.dir/values-zh-rCN...
[2026-09-08 20:32:40] [PROGRESS] resolve files> Scanning /home/nikita/StudioProjects/pam_bio/codeql-db/trap/java/home/nikita/StudioProjects/pam_bio/android/app/build/intermediates/incremental/debug/mergeDebugResources/merged.dir/values-zh-rHK...
[2026-09-08 20:32:40] [PROGRESS] resolve files> Scanning /home/nikita/StudioProjects/pam_bio/codeql-db/trap/java/home/nikita/StudioProjects/pam_bio/android/app/build/intermediates/incremental/debug/mergeDebugResources/merged.dir/values-zh-rTW...
[2026-09-08 20:32:40] [PROGRESS] resolve files> Scanning /home/nikita/StudioProjects/pam_bio/codeql-db/trap/java/home/nikita/StudioProjects/pam_bio/android/app/build/intermediates/incremental/debug/mergeDebugResources/merged.dir/values-zh...
[2026-09-08 20:32:40] [PROGRESS] resolve files> Scanning /home/nikita/StudioProjects/pam_bio/codeql-db/trap/java/home/nikita/StudioProjects/pam_bio/android/app/build/intermediates/incremental/debug/mergeDebugResources/merged.dir/values-zu...
[2026-09-08 20:32:40] [PROGRESS] resolve files> Scanning /home/nikita/StudioProjects/pam_bio/codeql-db/trap/java/home/nikita/StudioProjects/pam_bio/android/app/build/intermediates/incremental/debug/mergeDebugResources/merged.dir/values...
[2026-09-08 20:32:40] [PROGRESS] resolve files> Scanning /home/nikita/StudioProjects/pam_bio/codeql-db/trap/java/home/nikita/StudioProjects/pam_bio/android/app/build/intermediates/incremental/debug/packageDebugResources...
[2026-09-08 20:32:40] [PROGRESS] resolve files> Scanning /home/nikita/StudioProjects/pam_bio/codeql-db/trap/java/home/nikita/StudioProjects/pam_bio/android/app/build/intermediates/incremental/debug/packageDebugResources/merged.dir...
[2026-09-08 20:32:40] [PROGRESS] resolve files> Scanning /home/nikita/StudioProjects/pam_bio/codeql-db/trap/java/home/nikita/StudioProjects/pam_bio/android/app/build/intermediates/incremental/debug/packageDebugResources/merged.dir/values-en...
[2026-09-08 20:32:40] [PROGRESS] resolve files> Scanning /home/nikita/StudioProjects/pam_bio/codeql-db/trap/java/home/nikita/StudioProjects/pam_bio/android/app/build/intermediates/incremental/debug/packageDebugResources/merged.dir/values-zh...
[2026-09-08 20:32:40] [PROGRESS] resolve files> Scanning /home/nikita/StudioProjects/pam_bio/codeql-db/trap/java/home/nikita/StudioProjects/pam_bio/android/app/build/intermediates/incremental/debug/packageDebugResources/merged.dir/values...
[2026-09-08 20:32:40] [PROGRESS] resolve files> Scanning /home/nikita/StudioProjects/pam_bio/codeql-db/trap/java/home/nikita/StudioProjects/pam_bio/android/app/build/intermediates/incremental/mergeDebugAssets...
[2026-09-08 20:32:40] [PROGRESS] resolve files> Scanning /home/nikita/StudioProjects/pam_bio/codeql-db/trap/java/home/nikita/StudioProjects/pam_bio/android/app/build/intermediates/incremental/mergeDebugJniLibFolders...
[2026-09-08 20:32:40] [PROGRESS] resolve files> Scanning /home/nikita/StudioProjects/pam_bio/codeql-db/trap/java/home/nikita/StudioProjects/pam_bio/android/app/build/intermediates/merged_manifest...
[2026-09-08 20:32:40] [PROGRESS] resolve files> Scanning /home/nikita/StudioProjects/pam_bio/codeql-db/trap/java/home/nikita/StudioProjects/pam_bio/android/app/build/intermediates/merged_manifest/debug...
[2026-09-08 20:32:40] [PROGRESS] resolve files> Scanning /home/nikita/StudioProjects/pam_bio/codeql-db/trap/java/home/nikita/StudioProjects/pam_bio/android/app/build/intermediates/merged_manifest/debug/processDebugMainManifest...
[2026-09-08 20:32:40] [PROGRESS] resolve files> Scanning /home/nikita/StudioProjects/pam_bio/codeql-db/trap/java/home/nikita/StudioProjects/pam_bio/android/app/build/intermediates/merged_manifests...
[2026-09-08 20:32:40] [PROGRESS] resolve files> Scanning /home/nikita/StudioProjects/pam_bio/codeql-db/trap/java/home/nikita/StudioProjects/pam_bio/android/app/build/intermediates/merged_manifests/debug...
[2026-09-08 20:32:40] [PROGRESS] resolve files> Scanning /home/nikita/StudioProjects/pam_bio/codeql-db/trap/java/home/nikita/StudioProjects/pam_bio/android/app/build/intermediates/merged_manifests/debug/processDebugManifest...
[2026-09-08 20:32:40] [PROGRESS] resolve files> Scanning /home/nikita/StudioProjects/pam_bio/codeql-db/trap/java/home/nikita/StudioProjects/pam_bio/android/app/build/intermediates/merged_manifests/debug/processDebugManifest/arm64-v8a...
[2026-09-08 20:32:40] [PROGRESS] resolve files> Scanning /home/nikita/StudioProjects/pam_bio/codeql-db/trap/java/home/nikita/StudioProjects/pam_bio/android/app/build/intermediates/merged_manifests/debug/processDebugManifest/armeabi-v7a...
[2026-09-08 20:32:40] [PROGRESS] resolve files> Scanning /home/nikita/StudioProjects/pam_bio/codeql-db/trap/java/home/nikita/StudioProjects/pam_bio/android/app/build/intermediates/merged_manifests/debug/processDebugManifest/universal...
[2026-09-08 20:32:40] [PROGRESS] resolve files> Scanning /home/nikita/StudioProjects/pam_bio/codeql-db/trap/java/home/nikita/StudioProjects/pam_bio/android/app/build/intermediates/merged_manifests/debug/processDebugManifest/x86...
[2026-09-08 20:32:40] [PROGRESS] resolve files> Scanning /home/nikita/StudioProjects/pam_bio/codeql-db/trap/java/home/nikita/StudioProjects/pam_bio/android/app/build/intermediates/merged_manifests/debug/processDebugManifest/x86_64...
[2026-09-08 20:32:40] [PROGRESS] resolve files> Scanning /home/nikita/StudioProjects/pam_bio/codeql-db/trap/java/home/nikita/StudioProjects/pam_bio/android/app/build/intermediates/packaged_manifests...
[2026-09-08 20:32:40] [PROGRESS] resolve files> Scanning /home/nikita/StudioProjects/pam_bio/codeql-db/trap/java/home/nikita/StudioProjects/pam_bio/android/app/build/intermediates/packaged_manifests/debug...
[2026-09-08 20:32:40] [PROGRESS] resolve files> Scanning /home/nikita/StudioProjects/pam_bio/codeql-db/trap/java/home/nikita/StudioProjects/pam_bio/android/app/build/intermediates/packaged_manifests/debug/processDebugManifestForPackage...
[2026-09-08 20:32:40] [PROGRESS] resolve files> Scanning /home/nikita/StudioProjects/pam_bio/codeql-db/trap/java/home/nikita/StudioProjects/pam_bio/android/app/build/intermediates/packaged_manifests/debug/processDebugManifestForPackage/arm64-v8a...
[2026-09-08 20:32:40] [PROGRESS] resolve files> Scanning /home/nikita/StudioProjects/pam_bio/codeql-db/trap/java/home/nikita/StudioProjects/pam_bio/android/app/build/intermediates/packaged_manifests/debug/processDebugManifestForPackage/armeabi-v7a...
[2026-09-08 20:32:40] [PROGRESS] resolve files> Scanning /home/nikita/StudioProjects/pam_bio/codeql-db/trap/java/home/nikita/StudioProjects/pam_bio/android/app/build/intermediates/packaged_manifests/debug/processDebugManifestForPackage/universal...
[2026-09-08 20:32:40] [PROGRESS] resolve files> Scanning /home/nikita/StudioProjects/pam_bio/codeql-db/trap/java/home/nikita/StudioProjects/pam_bio/android/app/build/intermediates/packaged_manifests/debug/processDebugManifestForPackage/x86...
[2026-09-08 20:32:40] [PROGRESS] resolve files> Scanning /home/nikita/StudioProjects/pam_bio/codeql-db/trap/java/home/nikita/StudioProjects/pam_bio/android/app/build/intermediates/packaged_manifests/debug/processDebugManifestForPackage/x86_64...
[2026-09-08 20:32:40] [PROGRESS] resolve files> Scanning /home/nikita/StudioProjects/pam_bio/codeql-db/trap/java/home/nikita/StudioProjects/pam_bio/android/app/build/intermediates/packaged_res...
[2026-09-08 20:32:40] [PROGRESS] resolve files> Scanning /home/nikita/StudioProjects/pam_bio/codeql-db/trap/java/home/nikita/StudioProjects/pam_bio/android/app/build/intermediates/packaged_res/debug...
[2026-09-08 20:32:40] [PROGRESS] resolve files> Scanning /home/nikita/StudioProjects/pam_bio/codeql-db/trap/java/home/nikita/StudioProjects/pam_bio/android/app/build/intermediates/packaged_res/debug/packageDebugResources...
[2026-09-08 20:32:40] [PROGRESS] resolve files> Scanning /home/nikita/StudioProjects/pam_bio/codeql-db/trap/java/home/nikita/StudioProjects/pam_bio/android/app/build/intermediates/packaged_res/debug/packageDebugResources/drawable-anydpi-v4...
[2026-09-08 20:32:40] [PROGRESS] resolve files> Scanning /home/nikita/StudioProjects/pam_bio/codeql-db/trap/java/home/nikita/StudioProjects/pam_bio/android/app/build/intermediates/packaged_res/debug/packageDebugResources/mipmap-anydpi-v26...
[2026-09-08 20:32:40] [PROGRESS] resolve files> Scanning /home/nikita/StudioProjects/pam_bio/codeql-db/trap/java/home/nikita/StudioProjects/pam_bio/android/app/build/intermediates/packaged_res/debug/packageDebugResources/values-en...
[2026-09-08 20:32:40] [PROGRESS] resolve files> Scanning /home/nikita/StudioProjects/pam_bio/codeql-db/trap/java/home/nikita/StudioProjects/pam_bio/android/app/build/intermediates/packaged_res/debug/packageDebugResources/values-zh...
[2026-09-08 20:32:40] [PROGRESS] resolve files> Scanning /home/nikita/StudioProjects/pam_bio/codeql-db/trap/java/home/nikita/StudioProjects/pam_bio/android/app/build/intermediates/packaged_res/debug/packageDebugResources/values...
[2026-09-08 20:32:40] [PROGRESS] resolve files> Scanning /home/nikita/StudioProjects/pam_bio/codeql-db/trap/java/home/nikita/StudioProjects/pam_bio/android/app/build/intermediates/packaged_res/debug/packageDebugResources/xml...
[2026-09-08 20:32:40] [PROGRESS] resolve files> Scanning /home/nikita/StudioProjects/pam_bio/codeql-db/trap/java/home/nikita/StudioProjects/pam_bio/android/app/src...
[2026-09-08 20:32:40] [PROGRESS] resolve files> Scanning /home/nikita/StudioProjects/pam_bio/codeql-db/trap/java/home/nikita/StudioProjects/pam_bio/android/app/src/main...
[2026-09-08 20:32:40] [PROGRESS] resolve files> Scanning /home/nikita/StudioProjects/pam_bio/codeql-db/trap/java/home/nikita/StudioProjects/pam_bio/android/app/src/main/res...
[2026-09-08 20:32:40] [PROGRESS] resolve files> Scanning /home/nikita/StudioProjects/pam_bio/codeql-db/trap/java/home/nikita/StudioProjects/pam_bio/android/app/src/main/res/drawable-anydpi...
[2026-09-08 20:32:40] [PROGRESS] resolve files> Scanning /home/nikita/StudioProjects/pam_bio/codeql-db/trap/java/home/nikita/StudioProjects/pam_bio/android/app/src/main/res/mipmap-anydpi-v26...
[2026-09-08 20:32:40] [PROGRESS] resolve files> Scanning /home/nikita/StudioProjects/pam_bio/codeql-db/trap/java/home/nikita/StudioProjects/pam_bio/android/app/src/main/res/values-en...
[2026-09-08 20:32:40] [PROGRESS] resolve files> Scanning /home/nikita/StudioProjects/pam_bio/codeql-db/trap/java/home/nikita/StudioProjects/pam_bio/android/app/src/main/res/values-zh...
[2026-09-08 20:32:40] [PROGRESS] resolve files> Scanning /home/nikita/StudioProjects/pam_bio/codeql-db/trap/java/home/nikita/StudioProjects/pam_bio/android/app/src/main/res/values...
[2026-09-08 20:32:40] [PROGRESS] resolve files> Scanning /home/nikita/StudioProjects/pam_bio/codeql-db/trap/java/home/nikita/StudioProjects/pam_bio/android/app/src/main/res/xml...
[2026-09-08 20:32:40] [PROGRESS] resolve files> Scanning /home/nikita/StudioProjects/pam_bio/codeql-db/trap/java/home/nikita/StudioProjects/pam_bio/android/.idea...
[2026-09-08 20:32:40] [PROGRESS] resolve files> Scanning /home/nikita/StudioProjects/pam_bio/codeql-db/trap/java/home/nikita/StudioProjects/pam_bio/android/.idea/caches...
[2026-09-08 20:32:40] [PROGRESS] resolve files> Scanning /home/nikita/StudioProjects/pam_bio/codeql-db/trap/java/home/nikita/StudioProjects/pam_bio/android/.idea/codeStyles...
[2026-09-08 20:32:40] [PROGRESS] resolve files> Scanning /home/nikita/StudioProjects/pam_bio/codeql-db/trap/java/home/nikita/StudioProjects/pam_bio/daemon...
[2026-09-08 20:32:40] [PROGRESS] resolve files> Scanning /home/nikita/StudioProjects/pam_bio/codeql-db/trap/java/home/nikita/StudioProjects/pam_bio/daemon/.idea...
[2026-09-08 20:32:40] [PROGRESS] resolve files> Scanning /home/nikita/StudioProjects/pam_bio/codeql-db/trap/java/classes...
[2026-09-08 20:32:40] [PROGRESS] resolve files> Scanning /home/nikita/StudioProjects/pam_bio/codeql-db/trap/java/classes/ovh...
[2026-09-08 20:32:40] [PROGRESS] resolve files> Scanning /home/nikita/StudioProjects/pam_bio/codeql-db/trap/java/classes/ovh/dep...
[2026-09-08 20:32:40] [PROGRESS] resolve files> Scanning /home/nikita/StudioProjects/pam_bio/codeql-db/trap/java/classes/ovh/dep/pam...
[2026-09-08 20:32:40] [PROGRESS] resolve files> Scanning /home/nikita/StudioProjects/pam_bio/codeql-db/trap/java/classes/ovh/dep/pam/BuildConfig.members...
[2026-09-08 20:32:40] [PROGRESS] resolve files> Scanning /home/nikita/StudioProjects/pam_bio/codeql-db/trap/java/classes/java...
[2026-09-08 20:32:40] [PROGRESS] resolve files> Scanning /home/nikita/StudioProjects/pam_bio/codeql-db/trap/java/classes/java/lang...
[2026-09-08 20:32:40] [PROGRESS] resolve files> Scanning /home/nikita/StudioProjects/pam_bio/codeql-db/trap/java/classes/java/lang/Boolean.members...
[2026-09-08 20:32:40] [PROGRESS] resolve files> Scanning /home/nikita/StudioProjects/pam_bio/codeql-db/trap/java/classes/java/lang/String.members...
[2026-09-08 20:32:40] [PROGRESS] resolve files> Scanning /home/nikita/StudioProjects/pam_bio/codeql-db/trap/java/classes/java/lang/Object.members...
[2026-09-08 20:32:40] [PROGRESS] resolve files> Scanning /home/nikita/StudioProjects/pam_bio/codeql-db/trap/java/classes/java/lang/Comparable.members...
[2026-09-08 20:32:40] [PROGRESS] resolve files> Scanning /home/nikita/StudioProjects/pam_bio/codeql-db/trap/java/classes/java/lang/Deprecated.members...
[2026-09-08 20:32:40] [PROGRESS] resolve files> Scanning /home/nikita/StudioProjects/pam_bio/codeql-db/trap/java/classes/java/lang/Class.members...
[2026-09-08 20:32:40] [PROGRESS] resolve files> Scanning /home/nikita/StudioProjects/pam_bio/codeql-db/trap/java/classes/java/lang/reflect...
[2026-09-08 20:32:40] [PROGRESS] resolve files> Scanning /home/nikita/StudioProjects/pam_bio/codeql-db/trap/java/classes/java/lang/reflect/AnnotatedElement.members...
[2026-09-08 20:32:40] [PROGRESS] resolve files> Scanning /home/nikita/StudioProjects/pam_bio/codeql-db/trap/java/classes/java/lang/reflect/GenericDeclaration.members...
[2026-09-08 20:32:40] [PROGRESS] resolve files> Scanning /home/nikita/StudioProjects/pam_bio/codeql-db/trap/java/classes/java/lang/reflect/Type.members...
[2026-09-08 20:32:40] [PROGRESS] resolve files> Scanning /home/nikita/StudioProjects/pam_bio/codeql-db/trap/java/classes/java/lang/reflect/TypeVariable.members...
[2026-09-08 20:32:40] [PROGRESS] resolve files> Scanning /home/nikita/StudioProjects/pam_bio/codeql-db/trap/java/classes/java/lang/reflect/RecordComponent.members...
[2026-09-08 20:32:40] [PROGRESS] resolve files> Scanning /home/nikita/StudioProjects/pam_bio/codeql-db/trap/java/classes/java/lang/reflect/Method.members...
[2026-09-08 20:32:40] [PROGRESS] resolve files> Scanning /home/nikita/StudioProjects/pam_bio/codeql-db/trap/java/classes/java/lang/reflect/Field.members...
[2026-09-08 20:32:40] [PROGRESS] resolve files> Scanning /home/nikita/StudioProjects/pam_bio/codeql-db/trap/java/classes/java/lang/reflect/Constructor.members...
[2026-09-08 20:32:40] [PROGRESS] resolve files> Scanning /home/nikita/StudioProjects/pam_bio/codeql-db/trap/java/classes/java/lang/reflect/Executable.members...
[2026-09-08 20:32:40] [PROGRESS] resolve files> Scanning /home/nikita/StudioProjects/pam_bio/codeql-db/trap/java/classes/java/lang/reflect/InvocationTargetException.members...
[2026-09-08 20:32:40] [PROGRESS] resolve files> Scanning /home/nikita/StudioProjects/pam_bio/codeql-db/trap/java/classes/java/lang/reflect/AccessibleObject.members...
[2026-09-08 20:32:40] [PROGRESS] resolve files> Scanning /home/nikita/StudioProjects/pam_bio/codeql-db/trap/java/classes/java/lang/reflect/Member.members...
[2026-09-08 20:32:40] [PROGRESS] resolve files> Scanning /home/nikita/StudioProjects/pam_bio/codeql-db/trap/java/classes/java/lang/reflect/Parameter.members...
[2026-09-08 20:32:40] [PROGRESS] resolve files> Scanning /home/nikita/StudioProjects/pam_bio/codeql-db/trap/java/classes/java/lang/invoke...
[2026-09-08 20:32:40] [PROGRESS] resolve files> Scanning /home/nikita/StudioProjects/pam_bio/codeql-db/trap/java/classes/java/lang/invoke/TypeDescriptor$OfField.members...
[2026-09-08 20:32:40] [PROGRESS] resolve files> Scanning /home/nikita/StudioProjects/pam_bio/codeql-db/trap/java/classes/java/lang/invoke/TypeDescriptor.members...
[2026-09-08 20:32:40] [PROGRESS] resolve files> Scanning /home/nikita/StudioProjects/pam_bio/codeql-db/trap/java/classes/java/lang/CharSequence.members...
[2026-09-08 20:32:40] [PROGRESS] resolve files> Scanning /home/nikita/StudioProjects/pam_bio/codeql-db/trap/java/classes/java/lang/Cloneable.members...
[2026-09-08 20:32:40] [PROGRESS] resolve files> Scanning /home/nikita/StudioProjects/pam_bio/codeql-db/trap/java/classes/java/lang/FunctionalInterface.members...
[2026-09-08 20:32:40] [PROGRESS] resolve files> Scanning /home/nikita/StudioProjects/pam_bio/codeql-db/trap/java/classes/java/lang/AutoCloseable.members...
[2026-09-08 20:32:40] [PROGRESS] resolve files> Scanning /home/nikita/StudioProjects/pam_bio/codeql-db/trap/java/classes/java/lang/Iterable.members...
[2026-09-08 20:32:40] [PROGRESS] resolve files> Scanning /home/nikita/StudioProjects/pam_bio/codeql-db/trap/java/classes/java/lang/StringBuffer.members...
[2026-09-08 20:32:40] [PROGRESS] resolve files> Scanning /home/nikita/StudioProjects/pam_bio/codeql-db/trap/java/classes/java/lang/StringBuilder.members...
[2026-09-08 20:32:40] [PROGRESS] resolve files> Scanning /home/nikita/StudioProjects/pam_bio/codeql-db/trap/java/classes/java/lang/InterruptedException.members...
[2026-09-08 20:32:40] [PROGRESS] resolve files> Scanning /home/nikita/StudioProjects/pam_bio/codeql-db/trap/java/classes/java/lang/Throwable.members...
[2026-09-08 20:32:40] [PROGRESS] resolve files> Scanning /home/nikita/StudioProjects/pam_bio/codeql-db/trap/java/classes/java/lang/CloneNotSupportedException.members...
[2026-09-08 20:32:40] [PROGRESS] resolve files> Scanning /home/nikita/StudioProjects/pam_bio/codeql-db/trap/java/classes/java/lang/annotation...
[2026-09-08 20:32:40] [PROGRESS] resolve files> Scanning /home/nikita/StudioProjects/pam_bio/codeql-db/trap/java/classes/java/lang/annotation/Annotation.members...
[2026-09-08 20:32:40] [PROGRESS] resolve files> Scanning /home/nikita/StudioProjects/pam_bio/codeql-db/trap/java/classes/java/lang/annotation/Documented.members...
[2026-09-08 20:32:40] [PROGRESS] resolve files> Scanning /home/nikita/StudioProjects/pam_bio/codeql-db/trap/java/classes/java/lang/annotation/Retention.members...
[2026-09-08 20:32:40] [PROGRESS] resolve files> Scanning /home/nikita/StudioProjects/pam_bio/codeql-db/trap/java/classes/java/lang/annotation/RetentionPolicy.members...
[2026-09-08 20:32:40] [PROGRESS] resolve files> Scanning /home/nikita/StudioProjects/pam_bio/codeql-db/trap/java/classes/java/lang/annotation/Target.members...
[2026-09-08 20:32:40] [PROGRESS] resolve files> Scanning /home/nikita/StudioProjects/pam_bio/codeql-db/trap/java/classes/java/lang/annotation/ElementType.members...
[2026-09-08 20:32:40] [PROGRESS] resolve files> Scanning /home/nikita/StudioProjects/pam_bio/codeql-db/trap/java/classes/java/lang/IllegalAccessException.members...
[2026-09-08 20:32:40] [PROGRESS] resolve files> Scanning /home/nikita/StudioProjects/pam_bio/codeql-db/trap/java/classes/java/lang/InstantiationException.members...
[2026-09-08 20:32:40] [PROGRESS] resolve files> Scanning /home/nikita/StudioProjects/pam_bio/codeql-db/trap/java/classes/java/lang/Package.members...
[2026-09-08 20:32:40] [PROGRESS] resolve files> Scanning /home/nikita/StudioProjects/pam_bio/codeql-db/trap/java/classes/java/lang/SecurityException.members...
[2026-09-08 20:32:40] [PROGRESS] resolve files> Scanning /home/nikita/StudioProjects/pam_bio/codeql-db/trap/java/classes/java/lang/NoSuchMethodException.members...
[2026-09-08 20:32:40] [PROGRESS] resolve files> Scanning /home/nikita/StudioProjects/pam_bio/codeql-db/trap/java/classes/java/lang/NoSuchFieldException.members...
[2026-09-08 20:32:40] [PROGRESS] resolve files> Scanning /home/nikita/StudioProjects/pam_bio/codeql-db/trap/java/classes/java/lang/ClassLoader.members...
[2026-09-08 20:32:40] [PROGRESS] resolve files> Scanning /home/nikita/StudioProjects/pam_bio/codeql-db/trap/java/classes/java/lang/ClassNotFoundException.members...
[2026-09-08 20:32:40] [PROGRESS] resolve files> Scanning /home/nikita/StudioProjects/pam_bio/codeql-db/trap/java/classes/java/lang/Character.members...
[2026-09-08 20:32:40] [PROGRESS] resolve files> Scanning /home/nikita/StudioProjects/pam_bio/codeql-db/trap/java/classes/java/lang/Runnable.members...
[2026-09-08 20:32:40] [PROGRESS] resolve files> Scanning /home/nikita/StudioProjects/pam_bio/codeql-db/trap/java/classes/java/lang/SafeVarargs.members...
[2026-09-08 20:32:40] [PROGRESS] resolve files> Scanning /home/nikita/StudioProjects/pam_bio/codeql-db/trap/java/classes/java/lang/Exception.members...
[2026-09-08 20:32:40] [PROGRESS] resolve files> Scanning /home/nikita/StudioProjects/pam_bio/codeql-db/trap/java/classes/java/lang/Appendable.members...
[2026-09-08 20:32:40] [PROGRESS] resolve files> Scanning /home/nikita/StudioProjects/pam_bio/codeql-db/trap/java/classes/java/lang/Integer.members...
[2026-09-08 20:32:40] [PROGRESS] resolve files> Scanning /home/nikita/StudioProjects/pam_bio/codeql-db/trap/java/classes/java/lang/StackTraceElement.members...
[2026-09-08 20:32:40] [PROGRESS] resolve files> Scanning /home/nikita/StudioProjects/pam_bio/codeql-db/trap/java/classes/java/lang/Enum.members...
[2026-09-08 20:32:40] [PROGRESS] resolve files> Scanning /home/nikita/StudioProjects/pam_bio/codeql-db/trap/java/classes/java/lang/ReflectiveOperationException.members...
[2026-09-08 20:32:40] [PROGRESS] resolve files> Scanning /home/nikita/StudioProjects/pam_bio/codeql-db/trap/java/classes/java/lang/NumberFormatException.members...
[2026-09-08 20:32:40] [PROGRESS] resolve files> Scanning /home/nikita/StudioProjects/pam_bio/codeql-db/trap/java/classes/java/lang/IllegalArgumentException.members...
[2026-09-08 20:32:40] [PROGRESS] resolve files> Scanning /home/nikita/StudioProjects/pam_bio/codeql-db/trap/java/classes/java/lang/RuntimeException.members...
[2026-09-08 20:32:40] [PROGRESS] resolve files> Scanning /home/nikita/StudioProjects/pam_bio/codeql-db/trap/java/classes/java/lang/ClassFormatError.members...
[2026-09-08 20:32:40] [PROGRESS] resolve files> Scanning /home/nikita/StudioProjects/pam_bio/codeql-db/trap/java/classes/java/lang/Long.members...
[2026-09-08 20:32:40] [PROGRESS] resolve files> Scanning /home/nikita/StudioProjects/pam_bio/codeql-db/trap/java/classes/java/lang/Double.members...
[2026-09-08 20:32:40] [PROGRESS] resolve files> Scanning /home/nikita/StudioProjects/pam_bio/codeql-db/trap/java/classes/java/lang/Void.members...
[2026-09-08 20:32:40] [PROGRESS] resolve files> Scanning /home/nikita/StudioProjects/pam_bio/codeql-db/trap/java/classes/java/lang/Readable.members...
[2026-09-08 20:32:40] [PROGRESS] resolve files> Scanning /home/nikita/StudioProjects/pam_bio/codeql-db/trap/java/classes/java/lang/Number.members...
[2026-09-08 20:32:40] [PROGRESS] resolve files> Scanning /home/nikita/StudioProjects/pam_bio/codeql-db/trap/java/classes/java/lang/LinkageError.members...
[2026-09-08 20:32:40] [PROGRESS] resolve files> Scanning /home/nikita/StudioProjects/pam_bio/codeql-db/trap/java/classes/java/lang/Error.members...
[2026-09-08 20:32:40] [PROGRESS] resolve files> Scanning /home/nikita/StudioProjects/pam_bio/codeql-db/trap/java/classes/java/lang/Thread.members...
[2026-09-08 20:32:40] [PROGRESS] resolve files> Scanning /home/nikita/StudioProjects/pam_bio/codeql-db/trap/java/classes/java/lang/Thread$UncaughtExceptionHandler.members...
[2026-09-08 20:32:40] [PROGRESS] resolve files> Scanning /home/nikita/StudioProjects/pam_bio/codeql-db/trap/java/classes/java/lang/ThreadGroup.members...
[2026-09-08 20:32:40] [PROGRESS] resolve files> Scanning /home/nikita/StudioProjects/pam_bio/codeql-db/trap/java/classes/java/lang/Thread$State.members...
[2026-09-08 20:32:40] [PROGRESS] resolve files> Scanning /home/nikita/StudioProjects/pam_bio/codeql-db/trap/java/classes/java/io...
[2026-09-08 20:32:40] [PROGRESS] resolve files> Scanning /home/nikita/StudioProjects/pam_bio/codeql-db/trap/java/classes/java/io/Serializable.members...
[2026-09-08 20:32:40] [PROGRESS] resolve files> Scanning /home/nikita/StudioProjects/pam_bio/codeql-db/trap/java/classes/java/io/UnsupportedEncodingException.members...
[2026-09-08 20:32:40] [PROGRESS] resolve files> Scanning /home/nikita/StudioProjects/pam_bio/codeql-db/trap/java/classes/java/io/InputStream.members...
[2026-09-08 20:32:40] [PROGRESS] resolve files> Scanning /home/nikita/StudioProjects/pam_bio/codeql-db/trap/java/classes/java/io/IOException.members...
[2026-09-08 20:32:40] [PROGRESS] resolve files> Scanning /home/nikita/StudioProjects/pam_bio/codeql-db/trap/java/classes/java/io/PrintWriter.members...
[2026-09-08 20:32:40] [PROGRESS] resolve files> Scanning /home/nikita/StudioProjects/pam_bio/codeql-db/trap/java/classes/java/io/PrintStream.members...
[2026-09-08 20:32:40] [PROGRESS] resolve files> Scanning /home/nikita/StudioProjects/pam_bio/codeql-db/trap/java/classes/java/io/Closeable.members...
[2026-09-08 20:32:40] [PROGRESS] resolve files> Scanning /home/nikita/StudioProjects/pam_bio/codeql-db/trap/java/classes/java/io/OutputStream.members...
[2026-09-08 20:32:40] [PROGRESS] resolve files> Scanning /home/nikita/StudioProjects/pam_bio/codeql-db/trap/java/classes/java/io/Writer.members...
[2026-09-08 20:32:40] [PROGRESS] resolve files> Scanning /home/nikita/StudioProjects/pam_bio/codeql-db/trap/java/classes/java/io/FileNotFoundException.members...
[2026-09-08 20:32:40] [PROGRESS] resolve files> Scanning /home/nikita/StudioProjects/pam_bio/codeql-db/trap/java/classes/java/io/File.members...
[2026-09-08 20:32:40] [PROGRESS] resolve files> Scanning /home/nikita/StudioProjects/pam_bio/codeql-db/trap/java/classes/java/io/FilterOutputStream.members...
[2026-09-08 20:32:40] [PROGRESS] resolve files> Scanning /home/nikita/StudioProjects/pam_bio/codeql-db/trap/java/classes/java/io/Flushable.members...
[2026-09-08 20:32:40] [PROGRESS] resolve files> Scanning /home/nikita/StudioProjects/pam_bio/codeql-db/trap/java/classes/java/io/FilenameFilter.members...
[2026-09-08 20:32:40] [PROGRESS] resolve files> Scanning /home/nikita/StudioProjects/pam_bio/codeql-db/trap/java/classes/java/io/FileFilter.members...
[2026-09-08 20:32:40] [PROGRESS] resolve files> Scanning /home/nikita/StudioProjects/pam_bio/codeql-db/trap/java/classes/java/io/ObjectStreamException.members...
[2026-09-08 20:32:40] [PROGRESS] resolve files> Scanning /home/nikita/StudioProjects/pam_bio/codeql-db/trap/java/classes/java/io/Reader.members...
[2026-09-08 20:32:40] [PROGRESS] resolve files> Scanning /home/nikita/StudioProjects/pam_bio/codeql-db/trap/java/classes/java/io/InvalidObjectException.members...
[2026-09-08 20:32:40] [PROGRESS] resolve files> Scanning /home/nikita/StudioProjects/pam_bio/codeql-db/trap/java/classes/java/util...
[2026-09-08 20:32:40] [PROGRESS] resolve files> Scanning /home/nikita/StudioProjects/pam_bio/codeql-db/trap/java/classes/java/util/function...
[2026-09-08 20:32:40] [PROGRESS] resolve files> Scanning /home/nikita/StudioProjects/pam_bio/codeql-db/trap/java/classes/java/util/function/Function.members...
[2026-09-08 20:32:40] [PROGRESS] resolve files> Scanning /home/nikita/StudioProjects/pam_bio/codeql-db/trap/java/classes/java/util/function/IntFunction.members...
[2026-09-08 20:32:40] [PROGRESS] resolve files> Scanning /home/nikita/StudioProjects/pam_bio/codeql-db/trap/java/classes/java/util/function/Predicate.members...
[2026-09-08 20:32:40] [PROGRESS] resolve files> Scanning /home/nikita/StudioProjects/pam_bio/codeql-db/trap/java/classes/java/util/function/BiFunction.members...
[2026-09-08 20:32:40] [PROGRESS] resolve files> Scanning /home/nikita/StudioProjects/pam_bio/codeql-db/trap/java/classes/java/util/function/BinaryOperator.members...
[2026-09-08 20:32:40] [PROGRESS] resolve files> Scanning /home/nikita/StudioProjects/pam_bio/codeql-db/trap/java/classes/java/util/function/Consumer.members...
[2026-09-08 20:32:40] [PROGRESS] resolve files> Scanning /home/nikita/StudioProjects/pam_bio/codeql-db/trap/java/classes/java/util/function/ToLongFunction.members...
[2026-09-08 20:32:40] [PROGRESS] resolve files> Scanning /home/nikita/StudioProjects/pam_bio/codeql-db/trap/java/classes/java/util/function/ToIntFunction.members...
[2026-09-08 20:32:40] [PROGRESS] resolve files> Scanning /home/nikita/StudioProjects/pam_bio/codeql-db/trap/java/classes/java/util/function/ToDoubleFunction.members...
[2026-09-08 20:32:40] [PROGRESS] resolve files> Scanning /home/nikita/StudioProjects/pam_bio/codeql-db/trap/java/classes/java/util/function/LongConsumer.members...
[2026-09-08 20:32:40] [PROGRESS] resolve files> Scanning /home/nikita/StudioProjects/pam_bio/codeql-db/trap/java/classes/java/util/function/BiConsumer.members...
[2026-09-08 20:32:40] [PROGRESS] resolve files> Scanning /home/nikita/StudioProjects/pam_bio/codeql-db/trap/java/classes/java/util/function/IntConsumer.members...
[2026-09-08 20:32:40] [PROGRESS] resolve files> Scanning /home/nikita/StudioProjects/pam_bio/codeql-db/trap/java/classes/java/util/function/DoubleConsumer.members...
[2026-09-08 20:32:40] [PROGRESS] resolve files> Scanning /home/nikita/StudioProjects/pam_bio/codeql-db/trap/java/classes/java/util/function/UnaryOperator.members...
[2026-09-08 20:32:40] [PROGRESS] resolve files> Scanning /home/nikita/StudioProjects/pam_bio/codeql-db/trap/java/classes/java/util/function/Supplier.members...
[2026-09-08 20:32:40] [PROGRESS] resolve files> Scanning /home/nikita/StudioProjects/pam_bio/codeql-db/trap/java/classes/java/util/function/IntPredicate.members...
[2026-09-08 20:32:40] [PROGRESS] resolve files> Scanning /home/nikita/StudioProjects/pam_bio/codeql-db/trap/java/classes/java/util/function/IntBinaryOperator.members...
[2026-09-08 20:32:40] [PROGRESS] resolve files> Scanning /home/nikita/StudioProjects/pam_bio/codeql-db/trap/java/classes/java/util/function/IntToLongFunction.members...
[2026-09-08 20:32:40] [PROGRESS] resolve files> Scanning /home/nikita/StudioProjects/pam_bio/codeql-db/trap/java/classes/java/util/function/IntToDoubleFunction.members...
[2026-09-08 20:32:40] [PROGRESS] resolve files> Scanning /home/nikita/StudioProjects/pam_bio/codeql-db/trap/java/classes/java/util/function/IntUnaryOperator.members...
[2026-09-08 20:32:40] [PROGRESS] resolve files> Scanning /home/nikita/StudioProjects/pam_bio/codeql-db/trap/java/classes/java/util/function/IntSupplier.members...
[2026-09-08 20:32:40] [PROGRESS] resolve files> Scanning /home/nikita/StudioProjects/pam_bio/codeql-db/trap/java/classes/java/util/function/ObjIntConsumer.members...
[2026-09-08 20:32:40] [PROGRESS] resolve files> Scanning /home/nikita/StudioProjects/pam_bio/codeql-db/trap/java/classes/java/util/function/LongPredicate.members...
[2026-09-08 20:32:40] [PROGRESS] resolve files> Scanning /home/nikita/StudioProjects/pam_bio/codeql-db/trap/java/classes/java/util/function/LongBinaryOperator.members...
[2026-09-08 20:32:40] [PROGRESS] resolve files> Scanning /home/nikita/StudioProjects/pam_bio/codeql-db/trap/java/classes/java/util/function/LongFunction.members...
[2026-09-08 20:32:40] [PROGRESS] resolve files> Scanning /home/nikita/StudioProjects/pam_bio/codeql-db/trap/java/classes/java/util/function/LongToIntFunction.members...
[2026-09-08 20:32:40] [PROGRESS] resolve files> Scanning /home/nikita/StudioProjects/pam_bio/codeql-db/trap/java/classes/java/util/function/LongToDoubleFunction.members...
[2026-09-08 20:32:40] [PROGRESS] resolve files> Scanning /home/nikita/StudioProjects/pam_bio/codeql-db/trap/java/classes/java/util/function/LongUnaryOperator.members...
[2026-09-08 20:32:40] [PROGRESS] resolve files> Scanning /home/nikita/StudioProjects/pam_bio/codeql-db/trap/java/classes/java/util/function/LongSupplier.members...
[2026-09-08 20:32:40] [PROGRESS] resolve files> Scanning /home/nikita/StudioProjects/pam_bio/codeql-db/trap/java/classes/java/util/function/ObjLongConsumer.members...
[2026-09-08 20:32:40] [PROGRESS] resolve files> Scanning /home/nikita/StudioProjects/pam_bio/codeql-db/trap/java/classes/java/util/function/DoublePredicate.members...
[2026-09-08 20:32:40] [PROGRESS] resolve files> Scanning /home/nikita/StudioProjects/pam_bio/codeql-db/trap/java/classes/java/util/function/DoubleBinaryOperator.members...
[2026-09-08 20:32:40] [PROGRESS] resolve files> Scanning /home/nikita/StudioProjects/pam_bio/codeql-db/trap/java/classes/java/util/function/DoubleFunction.members...
[2026-09-08 20:32:40] [PROGRESS] resolve files> Scanning /home/nikita/StudioProjects/pam_bio/codeql-db/trap/java/classes/java/util/function/DoubleToLongFunction.members...
[2026-09-08 20:32:40] [PROGRESS] resolve files> Scanning /home/nikita/StudioProjects/pam_bio/codeql-db/trap/java/classes/java/util/function/DoubleToIntFunction.members...
[2026-09-08 20:32:40] [PROGRESS] resolve files> Scanning /home/nikita/StudioProjects/pam_bio/codeql-db/trap/java/classes/java/util/function/DoubleUnaryOperator.members...
[2026-09-08 20:32:40] [PROGRESS] resolve files> Scanning /home/nikita/StudioProjects/pam_bio/codeql-db/trap/java/classes/java/util/function/DoubleSupplier.members...
[2026-09-08 20:32:40] [PROGRESS] resolve files> Scanning /home/nikita/StudioProjects/pam_bio/codeql-db/trap/java/classes/java/util/function/ObjDoubleConsumer.members...
[2026-09-08 20:32:40] [PROGRESS] resolve files> Scanning /home/nikita/StudioProjects/pam_bio/codeql-db/trap/java/classes/java/util/Locale.members...
[2026-09-08 20:32:40] [PROGRESS] resolve files> Scanning /home/nikita/StudioProjects/pam_bio/codeql-db/trap/java/classes/java/util/stream...
[2026-09-08 20:32:40] [PROGRESS] resolve files> Scanning /home/nikita/StudioProjects/pam_bio/codeql-db/trap/java/classes/java/util/stream/Stream.members...
[2026-09-08 20:32:40] [PROGRESS] resolve files> Scanning /home/nikita/StudioProjects/pam_bio/codeql-db/trap/java/classes/java/util/stream/BaseStream.members...
[2026-09-08 20:32:40] [PROGRESS] resolve files> Scanning /home/nikita/StudioProjects/pam_bio/codeql-db/trap/java/classes/java/util/stream/IntStream.members...
[2026-09-08 20:32:40] [PROGRESS] resolve files> Scanning /home/nikita/StudioProjects/pam_bio/codeql-db/trap/java/classes/java/util/stream/LongStream.members...
[2026-09-08 20:32:40] [PROGRESS] resolve files> Scanning /home/nikita/StudioProjects/pam_bio/codeql-db/trap/java/classes/java/util/stream/DoubleStream.members...
[2026-09-08 20:32:40] [PROGRESS] resolve files> Scanning /home/nikita/StudioProjects/pam_bio/codeql-db/trap/java/classes/java/util/stream/Gatherer.members...
[2026-09-08 20:32:40] [PROGRESS] resolve files> Scanning /home/nikita/StudioProjects/pam_bio/codeql-db/trap/java/classes/java/util/stream/Collector.members...
[2026-09-08 20:32:40] [PROGRESS] resolve files> Scanning /home/nikita/StudioProjects/pam_bio/codeql-db/trap/java/classes/java/util/stream/Stream$Builder.members...
[2026-09-08 20:32:40] [PROGRESS] resolve files> Scanning /home/nikita/StudioProjects/pam_bio/codeql-db/trap/java/classes/java/util/stream/IntStream$IntMapMultiConsumer.members...
[2026-09-08 20:32:40] [PROGRESS] resolve files> Scanning /home/nikita/StudioProjects/pam_bio/codeql-db/trap/java/classes/java/util/stream/IntStream$Builder.members...
[2026-09-08 20:32:40] [PROGRESS] resolve files> Scanning /home/nikita/StudioProjects/pam_bio/codeql-db/trap/java/classes/java/util/stream/LongStream$LongMapMultiConsumer.members...
[2026-09-08 20:32:40] [PROGRESS] resolve files> Scanning /home/nikita/StudioProjects/pam_bio/codeql-db/trap/java/classes/java/util/stream/LongStream$Builder.members...
[2026-09-08 20:32:40] [PROGRESS] resolve files> Scanning /home/nikita/StudioProjects/pam_bio/codeql-db/trap/java/classes/java/util/stream/DoubleStream$DoubleMapMultiConsumer.members...
[2026-09-08 20:32:40] [PROGRESS] resolve files> Scanning /home/nikita/StudioProjects/pam_bio/codeql-db/trap/java/classes/java/util/stream/DoubleStream$Builder.members...
[2026-09-08 20:32:40] [PROGRESS] resolve files> Scanning /home/nikita/StudioProjects/pam_bio/codeql-db/trap/java/classes/java/util/stream/Gatherer$Integrator.members...
[2026-09-08 20:32:40] [PROGRESS] resolve files> Scanning /home/nikita/StudioProjects/pam_bio/codeql-db/trap/java/classes/java/util/stream/Gatherer$Downstream.members...
[2026-09-08 20:32:40] [PROGRESS] resolve files> Scanning /home/nikita/StudioProjects/pam_bio/codeql-db/trap/java/classes/java/util/stream/Collector$Characteristics.members...
[2026-09-08 20:32:40] [PROGRESS] resolve files> Scanning /home/nikita/StudioProjects/pam_bio/codeql-db/trap/java/classes/java/util/stream/Gatherer$Integrator$Greedy.members...
[2026-09-08 20:32:40] [PROGRESS] resolve files> Scanning /home/nikita/StudioProjects/pam_bio/codeql-db/trap/java/classes/java/util/Comparator.members...
[2026-09-08 20:32:40] [PROGRESS] resolve files> Scanning /home/nikita/StudioProjects/pam_bio/codeql-db/trap/java/classes/java/util/Locale$Category.members...
[2026-09-08 20:32:40] [PROGRESS] resolve files> Scanning /home/nikita/StudioProjects/pam_bio/codeql-db/trap/java/classes/java/util/Locale$LanguageRange.members...
[2026-09-08 20:32:40] [PROGRESS] resolve files> Scanning /home/nikita/StudioProjects/pam_bio/codeql-db/trap/java/classes/java/util/List.members...
[2026-09-08 20:32:40] [PROGRESS] resolve files> Scanning /home/nikita/StudioProjects/pam_bio/codeql-db/trap/java/classes/java/util/Collection.members...
[2026-09-08 20:32:40] [PROGRESS] resolve files> Scanning /home/nikita/StudioProjects/pam_bio/codeql-db/trap/java/classes/java/util/SequencedCollection.members...
[2026-09-08 20:32:40] [PROGRESS] resolve files> Scanning /home/nikita/StudioProjects/pam_bio/codeql-db/trap/java/classes/java/util/Set.members...
[2026-09-08 20:32:40] [PROGRESS] resolve files> Scanning /home/nikita/StudioProjects/pam_bio/codeql-db/trap/java/classes/java/util/Locale$IsoCountryCode.members...
[2026-09-08 20:32:40] [PROGRESS] resolve files> Scanning /home/nikita/StudioProjects/pam_bio/codeql-db/trap/java/classes/java/util/MissingResourceException.members...
[2026-09-08 20:32:40] [PROGRESS] resolve files> Scanning /home/nikita/StudioProjects/pam_bio/codeql-db/trap/java/classes/java/util/Locale$FilteringMode.members...
[2026-09-08 20:32:40] [PROGRESS] resolve files> Scanning /home/nikita/StudioProjects/pam_bio/codeql-db/trap/java/classes/java/util/Spliterator.members...
[2026-09-08 20:32:40] [PROGRESS] resolve files> Scanning /home/nikita/StudioProjects/pam_bio/codeql-db/trap/java/classes/java/util/Iterator.members...
[2026-09-08 20:32:40] [PROGRESS] resolve files> Scanning /home/nikita/StudioProjects/pam_bio/codeql-db/trap/java/classes/java/util/Optional.members...
[2026-09-08 20:32:40] [PROGRESS] resolve files> Scanning /home/nikita/StudioProjects/pam_bio/codeql-db/trap/java/classes/java/util/SortedMap.members...
[2026-09-08 20:32:40] [PROGRESS] resolve files> Scanning /home/nikita/StudioProjects/pam_bio/codeql-db/trap/java/classes/java/util/Map.members...
[2026-09-08 20:32:40] [PROGRESS] resolve files> Scanning /home/nikita/StudioProjects/pam_bio/codeql-db/trap/java/classes/java/util/SequencedMap.members...
[2026-09-08 20:32:40] [PROGRESS] resolve files> Scanning /home/nikita/StudioProjects/pam_bio/codeql-db/trap/java/classes/java/util/IntSummaryStatistics.members...
[2026-09-08 20:32:40] [PROGRESS] resolve files> Scanning /home/nikita/StudioProjects/pam_bio/codeql-db/trap/java/classes/java/util/Spliterator$OfInt.members...
[2026-09-08 20:32:40] [PROGRESS] resolve files> Scanning /home/nikita/StudioProjects/pam_bio/codeql-db/trap/java/classes/java/util/OptionalInt.members...
[2026-09-08 20:32:40] [PROGRESS] resolve files> Scanning /home/nikita/StudioProjects/pam_bio/codeql-db/trap/java/classes/java/util/PrimitiveIterator$OfInt.members...
[2026-09-08 20:32:40] [PROGRESS] resolve files> Scanning /home/nikita/StudioProjects/pam_bio/codeql-db/trap/java/classes/java/util/OptionalDouble.members...
[2026-09-08 20:32:40] [PROGRESS] resolve files> Scanning /home/nikita/StudioProjects/pam_bio/codeql-db/trap/java/classes/java/util/Enumeration.members...
[2026-09-08 20:32:40] [PROGRESS] resolve files> Scanning /home/nikita/StudioProjects/pam_bio/codeql-db/trap/java/classes/java/util/ListIterator.members...
[2026-09-08 20:32:40] [PROGRESS] resolve files> Scanning /home/nikita/StudioProjects/pam_bio/codeql-db/trap/java/classes/java/util/LongSummaryStatistics.members...
[2026-09-08 20:32:40] [PROGRESS] resolve files> Scanning /home/nikita/StudioProjects/pam_bio/codeql-db/trap/java/classes/java/util/Spliterator$OfLong.members...
[2026-09-08 20:32:40] [PROGRESS] resolve files> Scanning /home/nikita/StudioProjects/pam_bio/codeql-db/trap/java/classes/java/util/OptionalLong.members...
[2026-09-08 20:32:40] [PROGRESS] resolve files> Scanning /home/nikita/StudioProjects/pam_bio/codeql-db/trap/java/classes/java/util/PrimitiveIterator$OfLong.members...
[2026-09-08 20:32:40] [PROGRESS] resolve files> Scanning /home/nikita/StudioProjects/pam_bio/codeql-db/trap/java/classes/java/util/DoubleSummaryStatistics.members...
[2026-09-08 20:32:40] [PROGRESS] resolve files> Scanning /home/nikita/StudioProjects/pam_bio/codeql-db/trap/java/classes/java/util/Spliterator$OfDouble.members...
[2026-09-08 20:32:40] [PROGRESS] resolve files> Scanning /home/nikita/StudioProjects/pam_bio/codeql-db/trap/java/classes/java/util/PrimitiveIterator$OfDouble.members...
[2026-09-08 20:32:40] [PROGRESS] resolve files> Scanning /home/nikita/StudioProjects/pam_bio/codeql-db/trap/java/classes/java/util/Map$Entry.members...
[2026-09-08 20:32:40] [PROGRESS] resolve files> Scanning /home/nikita/StudioProjects/pam_bio/codeql-db/trap/java/classes/java/util/SequencedSet.members...
[2026-09-08 20:32:40] [PROGRESS] resolve files> Scanning /home/nikita/StudioProjects/pam_bio/codeql-db/trap/java/classes/java/util/Spliterator$OfPrimitive.members...
[2026-09-08 20:32:40] [PROGRESS] resolve files> Scanning /home/nikita/StudioProjects/pam_bio/codeql-db/trap/java/classes/java/util/PrimitiveIterator.members...
[2026-09-08 20:32:40] [PROGRESS] resolve files> Scanning /home/nikita/StudioProjects/pam_bio/codeql-db/trap/java/classes/java/util/Date.members...
[2026-09-08 20:32:40] [PROGRESS] resolve files> Scanning /home/nikita/StudioProjects/pam_bio/codeql-db/trap/java/classes/java/util/Properties.members...
[2026-09-08 20:32:40] [PROGRESS] resolve files> Scanning /home/nikita/StudioProjects/pam_bio/codeql-db/trap/java/classes/java/util/concurrent...
[2026-09-08 20:32:40] [PROGRESS] resolve files> Scanning /home/nikita/StudioProjects/pam_bio/codeql-db/trap/java/classes/java/util/concurrent/TimeUnit.members...
[2026-09-08 20:32:40] [PROGRESS] resolve files> Scanning /home/nikita/StudioProjects/pam_bio/codeql-db/trap/java/classes/java/util/concurrent/ExecutorService.members...
[2026-09-08 20:32:40] [PROGRESS] resolve files> Scanning /home/nikita/StudioProjects/pam_bio/codeql-db/trap/java/classes/java/util/concurrent/Executor.members...
[2026-09-08 20:32:40] [PROGRESS] resolve files> Scanning /home/nikita/StudioProjects/pam_bio/codeql-db/trap/java/classes/java/util/concurrent/Callable.members...
[2026-09-08 20:32:40] [PROGRESS] resolve files> Scanning /home/nikita/StudioProjects/pam_bio/codeql-db/trap/java/classes/java/util/concurrent/Future.members...
[2026-09-08 20:32:40] [PROGRESS] resolve files> Scanning /home/nikita/StudioProjects/pam_bio/codeql-db/trap/java/classes/java/util/concurrent/ExecutionException.members...
[2026-09-08 20:32:40] [PROGRESS] resolve files> Scanning /home/nikita/StudioProjects/pam_bio/codeql-db/trap/java/classes/java/util/concurrent/TimeoutException.members...
[2026-09-08 20:32:40] [PROGRESS] resolve files> Scanning /home/nikita/StudioProjects/pam_bio/codeql-db/trap/java/classes/java/util/concurrent/Future$State.members...
[2026-09-08 20:32:40] [PROGRESS] resolve files> Scanning /home/nikita/StudioProjects/pam_bio/codeql-db/trap/java/classes/java/util/Hashtable.members...
[2026-09-08 20:32:40] [PROGRESS] resolve files> Scanning /home/nikita/StudioProjects/pam_bio/codeql-db/trap/java/classes/java/util/Dictionary.members...
[2026-09-08 20:32:40] [PROGRESS] resolve files> Scanning /home/nikita/StudioProjects/pam_bio/codeql-db/trap/java/classes/java/util/InvalidPropertiesFormatException.members...
[2026-09-08 20:32:40] [PROGRESS] resolve files> Scanning /home/nikita/StudioProjects/pam_bio/codeql-db/trap/java/classes/java/nio...
[2026-09-08 20:32:40] [PROGRESS] resolve files> Scanning /home/nikita/StudioProjects/pam_bio/codeql-db/trap/java/classes/java/nio/charset...
[2026-09-08 20:32:40] [PROGRESS] resolve files> Scanning /home/nikita/StudioProjects/pam_bio/codeql-db/trap/java/classes/java/nio/charset/Charset.members...
[2026-09-08 20:32:40] [PROGRESS] resolve files> Scanning /home/nikita/StudioProjects/pam_bio/codeql-db/trap/java/classes/java/nio/charset/CharsetEncoder.members...
[2026-09-08 20:32:40] [PROGRESS] resolve files> Scanning /home/nikita/StudioProjects/pam_bio/codeql-db/trap/java/classes/java/nio/charset/CharsetDecoder.members...
[2026-09-08 20:32:40] [PROGRESS] resolve files> Scanning /home/nikita/StudioProjects/pam_bio/codeql-db/trap/java/classes/java/nio/charset/CodingErrorAction.members...
[2026-09-08 20:32:40] [PROGRESS] resolve files> Scanning /home/nikita/StudioProjects/pam_bio/codeql-db/trap/java/classes/java/nio/charset/CoderResult.members...
[2026-09-08 20:32:40] [PROGRESS] resolve files> Scanning /home/nikita/StudioProjects/pam_bio/codeql-db/trap/java/classes/java/nio/charset/CharacterCodingException.members...
[2026-09-08 20:32:40] [PROGRESS] resolve files> Scanning /home/nikita/StudioProjects/pam_bio/codeql-db/trap/java/classes/java/nio/CharBuffer.members...
[2026-09-08 20:32:40] [PROGRESS] resolve files> Scanning /home/nikita/StudioProjects/pam_bio/codeql-db/trap/java/classes/java/nio/ByteBuffer.members...
[2026-09-08 20:32:40] [PROGRESS] resolve files> Scanning /home/nikita/StudioProjects/pam_bio/codeql-db/trap/java/classes/java/nio/Buffer.members...
[2026-09-08 20:32:40] [PROGRESS] resolve files> Scanning /home/nikita/StudioProjects/pam_bio/codeql-db/trap/java/classes/java/nio/ByteOrder.members...
[2026-09-08 20:32:40] [PROGRESS] resolve files> Scanning /home/nikita/StudioProjects/pam_bio/codeql-db/trap/java/classes/java/nio/ShortBuffer.members...
[2026-09-08 20:32:40] [PROGRESS] resolve files> Scanning /home/nikita/StudioProjects/pam_bio/codeql-db/trap/java/classes/java/nio/LongBuffer.members...
[2026-09-08 20:32:40] [PROGRESS] resolve files> Scanning /home/nikita/StudioProjects/pam_bio/codeql-db/trap/java/classes/java/nio/IntBuffer.members...
[2026-09-08 20:32:40] [PROGRESS] resolve files> Scanning /home/nikita/StudioProjects/pam_bio/codeql-db/trap/java/classes/java/nio/FloatBuffer.members...
[2026-09-08 20:32:40] [PROGRESS] resolve files> Scanning /home/nikita/StudioProjects/pam_bio/codeql-db/trap/java/classes/java/nio/DoubleBuffer.members...
[2026-09-08 20:32:40] [PROGRESS] resolve files> Scanning /home/nikita/StudioProjects/pam_bio/codeql-db/trap/java/classes/java/nio/file...
[2026-09-08 20:32:40] [PROGRESS] resolve files> Scanning /home/nikita/StudioProjects/pam_bio/codeql-db/trap/java/classes/java/nio/file/Path.members...
[2026-09-08 20:32:40] [PROGRESS] resolve files> Scanning /home/nikita/StudioProjects/pam_bio/codeql-db/trap/java/classes/java/nio/file/Watchable.members...
[2026-09-08 20:32:40] [PROGRESS] resolve files> Scanning /home/nikita/StudioProjects/pam_bio/codeql-db/trap/java/classes/java/nio/file/LinkOption.members...
[2026-09-08 20:32:40] [PROGRESS] resolve files> Scanning /home/nikita/StudioProjects/pam_bio/codeql-db/trap/java/classes/java/nio/file/WatchService.members...
[2026-09-08 20:32:40] [PROGRESS] resolve files> Scanning /home/nikita/StudioProjects/pam_bio/codeql-db/trap/java/classes/java/nio/file/WatchEvent$Kind.members...
[2026-09-08 20:32:40] [PROGRESS] resolve files> Scanning /home/nikita/StudioProjects/pam_bio/codeql-db/trap/java/classes/java/nio/file/WatchEvent.members...
[2026-09-08 20:32:40] [PROGRESS] resolve files> Scanning /home/nikita/StudioProjects/pam_bio/codeql-db/trap/java/classes/java/nio/file/WatchEvent$Modifier.members...
[2026-09-08 20:32:40] [PROGRESS] resolve files> Scanning /home/nikita/StudioProjects/pam_bio/codeql-db/trap/java/classes/java/nio/file/WatchKey.members...
[2026-09-08 20:32:40] [PROGRESS] resolve files> Scanning /home/nikita/StudioProjects/pam_bio/codeql-db/trap/java/classes/java/nio/file/FileSystem.members...
[2026-09-08 20:32:40] [PROGRESS] resolve files> Scanning /home/nikita/StudioProjects/pam_bio/codeql-db/trap/java/classes/java/nio/file/CopyOption.members...
[2026-09-08 20:32:40] [PROGRESS] resolve files> Scanning /home/nikita/StudioProjects/pam_bio/codeql-db/trap/java/classes/java/nio/file/OpenOption.members...
[2026-09-08 20:32:40] [PROGRESS] resolve files> Scanning /home/nikita/StudioProjects/pam_bio/codeql-db/trap/java/classes/java/nio/file/spi...
[2026-09-08 20:32:40] [PROGRESS] resolve files> Scanning /home/nikita/StudioProjects/pam_bio/codeql-db/trap/java/classes/java/nio/file/spi/FileSystemProvider.members...
[2026-09-08 20:32:40] [PROGRESS] resolve files> Scanning /home/nikita/StudioProjects/pam_bio/codeql-db/trap/java/classes/java/nio/file/attribute...
[2026-09-08 20:32:40] [PROGRESS] resolve files> Scanning /home/nikita/StudioProjects/pam_bio/codeql-db/trap/java/classes/java/nio/file/attribute/UserPrincipalLookupService.members...
[2026-09-08 20:32:40] [PROGRESS] resolve files> Scanning /home/nikita/StudioProjects/pam_bio/codeql-db/trap/java/classes/java/nio/file/attribute/BasicFileAttributes.members...
[2026-09-08 20:32:40] [PROGRESS] resolve files> Scanning /home/nikita/StudioProjects/pam_bio/codeql-db/trap/java/classes/java/nio/file/attribute/FileAttribute.members...
[2026-09-08 20:32:40] [PROGRESS] resolve files> Scanning /home/nikita/StudioProjects/pam_bio/codeql-db/trap/java/classes/java/nio/file/attribute/FileAttributeView.members...
[2026-09-08 20:32:40] [PROGRESS] resolve files> Scanning /home/nikita/StudioProjects/pam_bio/codeql-db/trap/java/classes/java/nio/file/attribute/UserPrincipal.members...
[2026-09-08 20:32:40] [PROGRESS] resolve files> Scanning /home/nikita/StudioProjects/pam_bio/codeql-db/trap/java/classes/java/nio/file/attribute/GroupPrincipal.members...
[2026-09-08 20:32:40] [PROGRESS] resolve files> Scanning /home/nikita/StudioProjects/pam_bio/codeql-db/trap/java/classes/java/nio/file/attribute/FileStoreAttributeView.members...
[2026-09-08 20:32:40] [PROGRESS] resolve files> Scanning /home/nikita/StudioProjects/pam_bio/codeql-db/trap/java/classes/java/nio/file/attribute/FileTime.members...
[2026-09-08 20:32:40] [PROGRESS] resolve files> Scanning /home/nikita/StudioProjects/pam_bio/codeql-db/trap/java/classes/java/nio/file/attribute/AttributeView.members...
[2026-09-08 20:32:40] [PROGRESS] resolve files> Scanning /home/nikita/StudioProjects/pam_bio/codeql-db/trap/java/classes/java/nio/file/PathMatcher.members...
[2026-09-08 20:32:40] [PROGRESS] resolve files> Scanning /home/nikita/StudioProjects/pam_bio/codeql-db/trap/java/classes/java/nio/file/FileStore.members...
[2026-09-08 20:32:40] [PROGRESS] resolve files> Scanning /home/nikita/StudioProjects/pam_bio/codeql-db/trap/java/classes/java/nio/file/DirectoryStream$Filter.members...
[2026-09-08 20:32:40] [PROGRESS] resolve files> Scanning /home/nikita/StudioProjects/pam_bio/codeql-db/trap/java/classes/java/nio/file/DirectoryStream.members...
[2026-09-08 20:32:40] [PROGRESS] resolve files> Scanning /home/nikita/StudioProjects/pam_bio/codeql-db/trap/java/classes/java/nio/file/AccessMode.members...
[2026-09-08 20:32:40] [PROGRESS] resolve files> Scanning /home/nikita/StudioProjects/pam_bio/codeql-db/trap/java/classes/java/nio/channels...
[2026-09-08 20:32:40] [PROGRESS] resolve files> Scanning /home/nikita/StudioProjects/pam_bio/codeql-db/trap/java/classes/java/nio/channels/FileChannel.members...
[2026-09-08 20:32:40] [PROGRESS] resolve files> Scanning /home/nikita/StudioProjects/pam_bio/codeql-db/trap/java/classes/java/nio/channels/SeekableByteChannel.members...
[2026-09-08 20:32:40] [PROGRESS] resolve files> Scanning /home/nikita/StudioProjects/pam_bio/codeql-db/trap/java/classes/java/nio/channels/AsynchronousFileChannel.members...
[2026-09-08 20:32:40] [PROGRESS] resolve files> Scanning /home/nikita/StudioProjects/pam_bio/codeql-db/trap/java/classes/java/nio/channels/spi...
[2026-09-08 20:32:40] [PROGRESS] resolve files> Scanning /home/nikita/StudioProjects/pam_bio/codeql-db/trap/java/classes/java/nio/channels/spi/AbstractInterruptibleChannel.members...
[2026-09-08 20:32:40] [PROGRESS] resolve files> Scanning /home/nikita/StudioProjects/pam_bio/codeql-db/trap/java/classes/java/nio/channels/GatheringByteChannel.members...
[2026-09-08 20:32:40] [PROGRESS] resolve files> Scanning /home/nikita/StudioProjects/pam_bio/codeql-db/trap/java/classes/java/nio/channels/ScatteringByteChannel.members...
[2026-09-08 20:32:40] [PROGRESS] resolve files> Scanning /home/nikita/StudioProjects/pam_bio/codeql-db/trap/java/classes/java/nio/channels/FileLock.members...
[2026-09-08 20:32:40] [PROGRESS] resolve files> Scanning /home/nikita/StudioProjects/pam_bio/codeql-db/trap/java/classes/java/nio/channels/WritableByteChannel.members...
[2026-09-08 20:32:40] [PROGRESS] resolve files> Scanning /home/nikita/StudioProjects/pam_bio/codeql-db/trap/java/classes/java/nio/channels/ReadableByteChannel.members...
[2026-09-08 20:32:40] [PROGRESS] resolve files> Scanning /home/nikita/StudioProjects/pam_bio/codeql-db/trap/java/classes/java/nio/channels/FileChannel$MapMode.members...
[2026-09-08 20:32:40] [PROGRESS] resolve files> Scanning /home/nikita/StudioProjects/pam_bio/codeql-db/trap/java/classes/java/nio/channels/ByteChannel.members...
[2026-09-08 20:32:40] [PROGRESS] resolve files> Scanning /home/nikita/StudioProjects/pam_bio/codeql-db/trap/java/classes/java/nio/channels/AsynchronousChannel.members...
[2026-09-08 20:32:40] [PROGRESS] resolve files> Scanning /home/nikita/StudioProjects/pam_bio/codeql-db/trap/java/classes/java/nio/channels/CompletionHandler.members...
[2026-09-08 20:32:40] [PROGRESS] resolve files> Scanning /home/nikita/StudioProjects/pam_bio/codeql-db/trap/java/classes/java/nio/channels/Channel.members...
[2026-09-08 20:32:40] [PROGRESS] resolve files> Scanning /home/nikita/StudioProjects/pam_bio/codeql-db/trap/java/classes/java/nio/channels/InterruptibleChannel.members...
[2026-09-08 20:32:40] [PROGRESS] resolve files> Scanning /home/nikita/StudioProjects/pam_bio/codeql-db/trap/java/classes/java/nio/channels/AsynchronousCloseException.members...
[2026-09-08 20:32:40] [PROGRESS] resolve files> Scanning /home/nikita/StudioProjects/pam_bio/codeql-db/trap/java/classes/java/nio/channels/ClosedChannelException.members...
[2026-09-08 20:32:40] [PROGRESS] resolve files> Scanning /home/nikita/StudioProjects/pam_bio/codeql-db/trap/java/classes/java/nio/MappedByteBuffer.members...
[2026-09-08 20:32:40] [PROGRESS] resolve files> Scanning /home/nikita/StudioProjects/pam_bio/codeql-db/trap/java/classes/java/net...
[2026-09-08 20:32:40] [PROGRESS] resolve files> Scanning /home/nikita/StudioProjects/pam_bio/codeql-db/trap/java/classes/java/net/URL.members...
[2026-09-08 20:32:40] [PROGRESS] resolve files> Scanning /home/nikita/StudioProjects/pam_bio/codeql-db/trap/java/classes/java/net/URI.members...
[2026-09-08 20:32:40] [PROGRESS] resolve files> Scanning /home/nikita/StudioProjects/pam_bio/codeql-db/trap/java/classes/java/net/URISyntaxException.members...
[2026-09-08 20:32:40] [PROGRESS] resolve files> Scanning /home/nikita/StudioProjects/pam_bio/codeql-db/trap/java/classes/java/net/URLStreamHandlerFactory.members...
[2026-09-08 20:32:40] [PROGRESS] resolve files> Scanning /home/nikita/StudioProjects/pam_bio/codeql-db/trap/java/classes/java/net/Proxy.members...
[2026-09-08 20:32:40] [PROGRESS] resolve files> Scanning /home/nikita/StudioProjects/pam_bio/codeql-db/trap/java/classes/java/net/URLConnection.members...
[2026-09-08 20:32:40] [PROGRESS] resolve files> Scanning /home/nikita/StudioProjects/pam_bio/codeql-db/trap/java/classes/java/net/URLStreamHandler.members...
[2026-09-08 20:32:40] [PROGRESS] resolve files> Scanning /home/nikita/StudioProjects/pam_bio/codeql-db/trap/java/classes/java/net/MalformedURLException.members...
[2026-09-08 20:32:40] [PROGRESS] resolve files> Scanning /home/nikita/StudioProjects/pam_bio/codeql-db/trap/java/classes/java/net/Proxy$Type.members...
[2026-09-08 20:32:40] [PROGRESS] resolve files> Scanning /home/nikita/StudioProjects/pam_bio/codeql-db/trap/java/classes/java/net/SocketAddress.members...
[2026-09-08 20:32:40] [PROGRESS] resolve files> Scanning /home/nikita/StudioProjects/pam_bio/codeql-db/trap/java/classes/java/net/FileNameMap.members...
[2026-09-08 20:32:40] [PROGRESS] resolve files> Scanning /home/nikita/StudioProjects/pam_bio/codeql-db/trap/java/classes/java/net/ContentHandlerFactory.members...
[2026-09-08 20:32:40] [PROGRESS] resolve files> Scanning /home/nikita/StudioProjects/pam_bio/codeql-db/trap/java/classes/java/net/InetAddress.members...
[2026-09-08 20:32:40] [PROGRESS] resolve files> Scanning /home/nikita/StudioProjects/pam_bio/codeql-db/trap/java/classes/java/net/ContentHandler.members...
[2026-09-08 20:32:40] [PROGRESS] resolve files> Scanning /home/nikita/StudioProjects/pam_bio/codeql-db/trap/java/classes/java/net/NetworkInterface.members...
[2026-09-08 20:32:40] [PROGRESS] resolve files> Scanning /home/nikita/StudioProjects/pam_bio/codeql-db/trap/java/classes/java/net/UnknownHostException.members...
[2026-09-08 20:32:40] [PROGRESS] resolve files> Scanning /home/nikita/StudioProjects/pam_bio/codeql-db/trap/java/classes/java/net/SocketException.members...
[2026-09-08 20:32:40] [PROGRESS] resolve files> Scanning /home/nikita/StudioProjects/pam_bio/codeql-db/trap/java/classes/java/net/InterfaceAddress.members...
[2026-09-08 20:32:40] [PROGRESS] resolve files> Scanning /home/nikita/StudioProjects/pam_bio/codeql-db/trap/java/classes/java/security...
[2026-09-08 20:32:40] [PROGRESS] resolve files> Scanning /home/nikita/StudioProjects/pam_bio/codeql-db/trap/java/classes/java/security/ProtectionDomain.members...
[2026-09-08 20:32:40] [PROGRESS] resolve files> Scanning /home/nikita/StudioProjects/pam_bio/codeql-db/trap/java/classes/java/security/Permission.members...
[2026-09-08 20:32:40] [PROGRESS] resolve files> Scanning /home/nikita/StudioProjects/pam_bio/codeql-db/trap/java/classes/java/security/Principal.members...
[2026-09-08 20:32:40] [PROGRESS] resolve files> Scanning /home/nikita/StudioProjects/pam_bio/codeql-db/trap/java/classes/java/security/PermissionCollection.members...
[2026-09-08 20:32:40] [PROGRESS] resolve files> Scanning /home/nikita/StudioProjects/pam_bio/codeql-db/trap/java/classes/java/security/CodeSource.members...
[2026-09-08 20:32:40] [PROGRESS] resolve files> Scanning /home/nikita/StudioProjects/pam_bio/codeql-db/trap/java/classes/java/security/Guard.members...
[2026-09-08 20:32:40] [PROGRESS] resolve files> Scanning /home/nikita/StudioProjects/pam_bio/codeql-db/trap/java/classes/java/security/CodeSigner.members...
[2026-09-08 20:32:40] [PROGRESS] resolve files> Scanning /home/nikita/StudioProjects/pam_bio/codeql-db/trap/java/classes/java/security/cert...
[2026-09-08 20:32:40] [PROGRESS] resolve files> Scanning /home/nikita/StudioProjects/pam_bio/codeql-db/trap/java/classes/java/security/cert/Certificate.members...
[2026-09-08 20:32:40] [PROGRESS] resolve files> Scanning /home/nikita/StudioProjects/pam_bio/codeql-db/trap/java/classes/java/security/cert/CertPath.members...
[2026-09-08 20:32:40] [PROGRESS] resolve files> Scanning /home/nikita/StudioProjects/pam_bio/codeql-db/trap/java/classes/java/security/cert/CertificateException.members...
[2026-09-08 20:32:40] [PROGRESS] resolve files> Scanning /home/nikita/StudioProjects/pam_bio/codeql-db/trap/java/classes/java/security/cert/CertificateEncodingException.members...
[2026-09-08 20:32:40] [PROGRESS] resolve files> Scanning /home/nikita/StudioProjects/pam_bio/codeql-db/trap/java/classes/java/security/AccessControlContext.members...
[2026-09-08 20:32:40] [PROGRESS] resolve files> Scanning /home/nikita/StudioProjects/pam_bio/codeql-db/trap/java/classes/java/security/PrivilegedExceptionAction.members...
[2026-09-08 20:32:40] [PROGRESS] resolve files> Scanning /home/nikita/StudioProjects/pam_bio/codeql-db/trap/java/classes/java/security/PrivilegedActionException.members...
[2026-09-08 20:32:40] [PROGRESS] resolve files> Scanning /home/nikita/StudioProjects/pam_bio/codeql-db/trap/java/classes/java/security/PrivilegedAction.members...
[2026-09-08 20:32:40] [PROGRESS] resolve files> Scanning /home/nikita/StudioProjects/pam_bio/codeql-db/trap/java/classes/java/security/Timestamp.members...
[2026-09-08 20:32:40] [PROGRESS] resolve files> Scanning /home/nikita/StudioProjects/pam_bio/codeql-db/trap/java/classes/java/security/PublicKey.members...
[2026-09-08 20:32:40] [PROGRESS] resolve files> Scanning /home/nikita/StudioProjects/pam_bio/codeql-db/trap/java/classes/java/security/Provider.members...
[2026-09-08 20:32:40] [PROGRESS] resolve files> Scanning /home/nikita/StudioProjects/pam_bio/codeql-db/trap/java/classes/java/security/InvalidKeyException.members...
[2026-09-08 20:32:40] [PROGRESS] resolve files> Scanning /home/nikita/StudioProjects/pam_bio/codeql-db/trap/java/classes/java/security/NoSuchAlgorithmException.members...
[2026-09-08 20:32:40] [PROGRESS] resolve files> Scanning /home/nikita/StudioProjects/pam_bio/codeql-db/trap/java/classes/java/security/SignatureException.members...
[2026-09-08 20:32:40] [PROGRESS] resolve files> Scanning /home/nikita/StudioProjects/pam_bio/codeql-db/trap/java/classes/java/security/NoSuchProviderException.members...
[2026-09-08 20:32:40] [PROGRESS] resolve files> Scanning /home/nikita/StudioProjects/pam_bio/codeql-db/trap/java/classes/java/security/DomainCombiner.members...
[2026-09-08 20:32:40] [PROGRESS] resolve files> Scanning /home/nikita/StudioProjects/pam_bio/codeql-db/trap/java/classes/java/security/AccessControlException.members...
[2026-09-08 20:32:40] [PROGRESS] resolve files> Scanning /home/nikita/StudioProjects/pam_bio/codeql-db/trap/java/classes/java/security/Key.members...
[2026-09-08 20:32:40] [PROGRESS] resolve files> Scanning /home/nikita/StudioProjects/pam_bio/codeql-db/trap/java/classes/java/security/Provider$Service.members...
[2026-09-08 20:32:40] [PROGRESS] resolve files> Scanning /home/nikita/StudioProjects/pam_bio/codeql-db/trap/java/classes/java/security/GeneralSecurityException.members...
[2026-09-08 20:32:40] [PROGRESS] resolve files> Scanning /home/nikita/StudioProjects/pam_bio/codeql-db/trap/java/classes/java/security/KeyException.members...
[2026-09-08 20:32:40] [PROGRESS] resolve files> Scanning /home/nikita/StudioProjects/pam_bio/codeql-db/trap/java/classes/java/time...
[2026-09-08 20:32:40] [PROGRESS] resolve files> Scanning /home/nikita/StudioProjects/pam_bio/codeql-db/trap/java/classes/java/time/Instant.members...
[2026-09-08 20:32:40] [PROGRESS] resolve files> Scanning /home/nikita/StudioProjects/pam_bio/codeql-db/trap/java/classes/java/time/temporal...
[2026-09-08 20:32:40] [PROGRESS] resolve files> Scanning /home/nikita/StudioProjects/pam_bio/codeql-db/trap/java/classes/java/time/temporal/ChronoUnit.members...
[2026-09-08 20:32:40] [PROGRESS] resolve files> Scanning /home/nikita/StudioProjects/pam_bio/codeql-db/trap/java/classes/java/time/temporal/Temporal.members...
[2026-09-08 20:32:40] [PROGRESS] resolve files> Scanning /home/nikita/StudioProjects/pam_bio/codeql-db/trap/java/classes/java/time/temporal/TemporalAdjuster.members...
[2026-09-08 20:32:40] [PROGRESS] resolve files> Scanning /home/nikita/StudioProjects/pam_bio/codeql-db/trap/java/classes/java/time/temporal/TemporalField.members...
[2026-09-08 20:32:40] [PROGRESS] resolve files> Scanning /home/nikita/StudioProjects/pam_bio/codeql-db/trap/java/classes/java/time/temporal/TemporalUnit.members...
[2026-09-08 20:32:40] [PROGRESS] resolve files> Scanning /home/nikita/StudioProjects/pam_bio/codeql-db/trap/java/classes/java/time/temporal/ValueRange.members...
[2026-09-08 20:32:40] [PROGRESS] resolve files> Scanning /home/nikita/StudioProjects/pam_bio/codeql-db/trap/java/classes/java/time/temporal/TemporalQuery.members...
[2026-09-08 20:32:40] [PROGRESS] resolve files> Scanning /home/nikita/StudioProjects/pam_bio/codeql-db/trap/java/classes/java/time/temporal/TemporalAmount.members...
[2026-09-08 20:32:40] [PROGRESS] resolve files> Scanning /home/nikita/StudioProjects/pam_bio/codeql-db/trap/java/classes/java/time/temporal/TemporalAccessor.members...
[2026-09-08 20:32:40] [PROGRESS] resolve files> Scanning /home/nikita/StudioProjects/pam_bio/codeql-db/trap/java/classes/java/time/temporal/ChronoField.members...
[2026-09-08 20:32:40] [PROGRESS] resolve files> Scanning /home/nikita/StudioProjects/pam_bio/codeql-db/trap/java/classes/java/time/Duration.members...
[2026-09-08 20:32:40] [PROGRESS] resolve files> Scanning /home/nikita/StudioProjects/pam_bio/codeql-db/trap/java/classes/java/time/Clock.members...
[2026-09-08 20:32:40] [PROGRESS] resolve files> Scanning /home/nikita/StudioProjects/pam_bio/codeql-db/trap/java/classes/java/time/ZoneId.members...
[2026-09-08 20:32:40] [PROGRESS] resolve files> Scanning /home/nikita/StudioProjects/pam_bio/codeql-db/trap/java/classes/java/time/ZonedDateTime.members...
[2026-09-08 20:32:40] [PROGRESS] resolve files> Scanning /home/nikita/StudioProjects/pam_bio/codeql-db/trap/java/classes/java/time/ZoneOffset.members...
[2026-09-08 20:32:40] [PROGRESS] resolve files> Scanning /home/nikita/StudioProjects/pam_bio/codeql-db/trap/java/classes/java/time/OffsetDateTime.members...
[2026-09-08 20:32:40] [PROGRESS] resolve files> Scanning /home/nikita/StudioProjects/pam_bio/codeql-db/trap/java/classes/java/time/format...
[2026-09-08 20:32:40] [PROGRESS] resolve files> Scanning /home/nikita/StudioProjects/pam_bio/codeql-db/trap/java/classes/java/time/format/ResolverStyle.members...
[2026-09-08 20:32:40] [PROGRESS] resolve files> Scanning /home/nikita/StudioProjects/pam_bio/codeql-db/trap/java/classes/java/time/format/TextStyle.members...
[2026-09-08 20:32:40] [PROGRESS] resolve files> Scanning /home/nikita/StudioProjects/pam_bio/codeql-db/trap/java/classes/java/time/format/DateTimeFormatter.members...
[2026-09-08 20:32:40] [PROGRESS] resolve files> Scanning /home/nikita/StudioProjects/pam_bio/codeql-db/trap/java/classes/java/time/format/DecimalStyle.members...
[2026-09-08 20:32:40] [PROGRESS] resolve files> Scanning /home/nikita/StudioProjects/pam_bio/codeql-db/trap/java/classes/java/time/format/FormatStyle.members...
[2026-09-08 20:32:40] [PROGRESS] resolve files> Scanning /home/nikita/StudioProjects/pam_bio/codeql-db/trap/java/classes/java/time/InstantSource.members...
[2026-09-08 20:32:40] [PROGRESS] resolve files> Scanning /home/nikita/StudioProjects/pam_bio/codeql-db/trap/java/classes/java/time/zone...
[2026-09-08 20:32:40] [PROGRESS] resolve files> Scanning /home/nikita/StudioProjects/pam_bio/codeql-db/trap/java/classes/java/time/zone/ZoneRules.members...
[2026-09-08 20:32:40] [PROGRESS] resolve files> Scanning /home/nikita/StudioProjects/pam_bio/codeql-db/trap/java/classes/java/time/zone/ZoneOffsetTransition.members...
[2026-09-08 20:32:40] [PROGRESS] resolve files> Scanning /home/nikita/StudioProjects/pam_bio/codeql-db/trap/java/classes/java/time/zone/ZoneOffsetTransitionRule.members...
[2026-09-08 20:32:40] [PROGRESS] resolve files> Scanning /home/nikita/StudioProjects/pam_bio/codeql-db/trap/java/classes/java/time/zone/ZoneOffsetTransitionRule$TimeDefinition.members...
[2026-09-08 20:32:40] [PROGRESS] resolve files> Scanning /home/nikita/StudioProjects/pam_bio/codeql-db/trap/java/classes/java/time/LocalDate.members...
[2026-09-08 20:32:40] [PROGRESS] resolve files> Scanning /home/nikita/StudioProjects/pam_bio/codeql-db/trap/java/classes/java/time/chrono...
[2026-09-08 20:32:40] [PROGRESS] resolve files> Scanning /home/nikita/StudioProjects/pam_bio/codeql-db/trap/java/classes/java/time/chrono/ChronoZonedDateTime.members...
[2026-09-08 20:32:40] [PROGRESS] resolve files> Scanning /home/nikita/StudioProjects/pam_bio/codeql-db/trap/java/classes/java/time/chrono/ChronoLocalDateTime.members...
[2026-09-08 20:32:40] [PROGRESS] resolve files> Scanning /home/nikita/StudioProjects/pam_bio/codeql-db/trap/java/classes/java/time/chrono/ChronoLocalDate.members...
[2026-09-08 20:32:40] [PROGRESS] resolve files> Scanning /home/nikita/StudioProjects/pam_bio/codeql-db/trap/java/classes/java/time/chrono/Chronology.members...
[2026-09-08 20:32:40] [PROGRESS] resolve files> Scanning /home/nikita/StudioProjects/pam_bio/codeql-db/trap/java/classes/java/time/chrono/Era.members...
[2026-09-08 20:32:40] [PROGRESS] resolve files> Scanning /home/nikita/StudioProjects/pam_bio/codeql-db/trap/java/classes/java/time/chrono/IsoChronology.members...
[2026-09-08 20:32:40] [PROGRESS] resolve files> Scanning /home/nikita/StudioProjects/pam_bio/codeql-db/trap/java/classes/java/time/chrono/ChronoPeriod.members...
[2026-09-08 20:32:40] [PROGRESS] resolve files> Scanning /home/nikita/StudioProjects/pam_bio/codeql-db/trap/java/classes/java/time/chrono/AbstractChronology.members...
[2026-09-08 20:32:40] [PROGRESS] resolve files> Scanning /home/nikita/StudioProjects/pam_bio/codeql-db/trap/java/classes/java/time/chrono/IsoEra.members...
[2026-09-08 20:32:40] [PROGRESS] resolve files> Scanning /home/nikita/StudioProjects/pam_bio/codeql-db/trap/java/classes/java/time/LocalTime.members...
[2026-09-08 20:32:40] [PROGRESS] resolve files> Scanning /home/nikita/StudioProjects/pam_bio/codeql-db/trap/java/classes/java/time/LocalDateTime.members...
[2026-09-08 20:32:40] [PROGRESS] resolve files> Scanning /home/nikita/StudioProjects/pam_bio/codeql-db/trap/java/classes/java/time/Month.members...
[2026-09-08 20:32:40] [PROGRESS] resolve files> Scanning /home/nikita/StudioProjects/pam_bio/codeql-db/trap/java/classes/java/time/DayOfWeek.members...
[2026-09-08 20:32:40] [PROGRESS] resolve files> Scanning /home/nikita/StudioProjects/pam_bio/codeql-db/trap/java/classes/java/time/OffsetTime.members...
[2026-09-08 20:32:40] [PROGRESS] resolve files> Scanning /home/nikita/StudioProjects/pam_bio/codeql-db/trap/java/classes/java/time/Period.members...
[2026-09-08 20:32:40] [PROGRESS] resolve files> Scanning /home/nikita/StudioProjects/pam_bio/codeql-db/trap/java/classes/java/text...
[2026-09-08 20:32:40] [PROGRESS] resolve files> Scanning /home/nikita/StudioProjects/pam_bio/codeql-db/trap/java/classes/java/text/Format.members...
[2026-09-08 20:32:40] [PROGRESS] resolve files> Scanning /home/nikita/StudioProjects/pam_bio/codeql-db/trap/java/classes/java/text/ParsePosition.members...
[2026-09-08 20:32:40] [PROGRESS] resolve files> Scanning /home/nikita/StudioProjects/pam_bio/codeql-db/trap/java/classes/java/text/ParseException.members...
[2026-09-08 20:32:40] [PROGRESS] resolve files> Scanning /home/nikita/StudioProjects/pam_bio/codeql-db/trap/java/classes/java/text/AttributedCharacterIterator.members...
[2026-09-08 20:32:40] [PROGRESS] resolve files> Scanning /home/nikita/StudioProjects/pam_bio/codeql-db/trap/java/classes/java/text/FieldPosition.members...
[2026-09-08 20:32:40] [PROGRESS] resolve files> Scanning /home/nikita/StudioProjects/pam_bio/codeql-db/trap/java/classes/java/text/CharacterIterator.members...
[2026-09-08 20:32:40] [PROGRESS] resolve files> Scanning /home/nikita/StudioProjects/pam_bio/codeql-db/trap/java/classes/java/text/AttributedCharacterIterator$Attribute.members...
[2026-09-08 20:32:40] [PROGRESS] resolve files> Scanning /home/nikita/StudioProjects/pam_bio/codeql-db/trap/java/classes/java/text/Format$Field.members...
[2026-09-08 20:32:40] [PROGRESS] resolve files> Scanning /home/nikita/StudioProjects/pam_bio/codeql-db/trap/java/classes/javax...
[2026-09-08 20:32:40] [PROGRESS] resolve files> Scanning /home/nikita/StudioProjects/pam_bio/codeql-db/trap/java/classes/javax/security...
[2026-09-08 20:32:40] [PROGRESS] resolve files> Scanning /home/nikita/StudioProjects/pam_bio/codeql-db/trap/java/classes/javax/security/auth...
[2026-09-08 20:32:40] [PROGRESS] resolve files> Scanning /home/nikita/StudioProjects/pam_bio/codeql-db/trap/java/classes/javax/security/auth/Subject.members...
[2026-09-08 20:32:40] [PROGRESS] resolve files> Scanning /home/nikita/StudioProjects/pam_bio/codeql-db/trap/java/modules...
[2026-09-08 20:32:40] [PROGRESS] resolve files> Scanning /home/nikita/StudioProjects/pam_bio/codeql-db/src...
[2026-09-08 20:32:40] [PROGRESS] resolve files> Scanning /home/nikita/StudioProjects/pam_bio/codeql-db/src/home...
[2026-09-08 20:32:40] [PROGRESS] resolve files> Scanning /home/nikita/StudioProjects/pam_bio/codeql-db/src/home/nikita...
[2026-09-08 20:32:40] [PROGRESS] resolve files> Scanning /home/nikita/StudioProjects/pam_bio/codeql-db/src/home/nikita/StudioProjects...
[2026-09-08 20:32:40] [PROGRESS] resolve files> Scanning /home/nikita/StudioProjects/pam_bio/codeql-db/src/home/nikita/StudioProjects/pam_bio...
[2026-09-08 20:32:40] [PROGRESS] resolve files> Scanning /home/nikita/StudioProjects/pam_bio/codeql-db/src/home/nikita/StudioProjects/pam_bio/android...
[2026-09-08 20:32:40] [PROGRESS] resolve files> Scanning /home/nikita/StudioProjects/pam_bio/codeql-db/src/home/nikita/StudioProjects/pam_bio/android/app...
[2026-09-08 20:32:40] [PROGRESS] resolve files> Scanning /home/nikita/StudioProjects/pam_bio/codeql-db/src/home/nikita/StudioProjects/pam_bio/android/app/build...
[2026-09-08 20:32:40] [PROGRESS] resolve files> Scanning /home/nikita/StudioProjects/pam_bio/codeql-db/src/home/nikita/StudioProjects/pam_bio/android/app/build/generated...
[2026-09-08 20:32:40] [PROGRESS] resolve files> Scanning /home/nikita/StudioProjects/pam_bio/codeql-db/src/home/nikita/StudioProjects/pam_bio/android/app/build/generated/source...
[2026-09-08 20:32:40] [PROGRESS] resolve files> Scanning /home/nikita/StudioProjects/pam_bio/codeql-db/src/home/nikita/StudioProjects/pam_bio/android/app/build/generated/source/buildConfig...
[2026-09-08 20:32:40] [PROGRESS] resolve files> Scanning /home/nikita/StudioProjects/pam_bio/codeql-db/src/home/nikita/StudioProjects/pam_bio/android/app/build/generated/source/buildConfig/debug...
[2026-09-08 20:32:40] [PROGRESS] resolve files> Scanning /home/nikita/StudioProjects/pam_bio/codeql-db/src/home/nikita/StudioProjects/pam_bio/android/app/build/generated/source/buildConfig/debug/ovh...
[2026-09-08 20:32:40] [PROGRESS] resolve files> Scanning /home/nikita/StudioProjects/pam_bio/codeql-db/src/home/nikita/StudioProjects/pam_bio/android/app/build/generated/source/buildConfig/debug/ovh/dep...
[2026-09-08 20:32:40] [PROGRESS] resolve files> Scanning /home/nikita/StudioProjects/pam_bio/codeql-db/src/home/nikita/StudioProjects/pam_bio/android/app/build/generated/source/buildConfig/debug/ovh/dep/pam...
[2026-09-08 20:32:40] [PROGRESS] resolve files> Scanning /home/nikita/StudioProjects/pam_bio/codeql-db/src/home/nikita/StudioProjects/pam_bio/android/app/build/intermediates...
[2026-09-08 20:32:40] [PROGRESS] resolve files> Scanning /home/nikita/StudioProjects/pam_bio/codeql-db/src/home/nikita/StudioProjects/pam_bio/android/app/build/intermediates/incremental...
[2026-09-08 20:32:40] [PROGRESS] resolve files> Scanning /home/nikita/StudioProjects/pam_bio/codeql-db/src/home/nikita/StudioProjects/pam_bio/android/app/build/intermediates/incremental/debug...
[2026-09-08 20:32:40] [PROGRESS] resolve files> Scanning /home/nikita/StudioProjects/pam_bio/codeql-db/src/home/nikita/StudioProjects/pam_bio/android/app/build/intermediates/incremental/debug/mergeDebugResources...
[2026-09-08 20:32:40] [PROGRESS] resolve files> Scanning /home/nikita/StudioProjects/pam_bio/codeql-db/src/home/nikita/StudioProjects/pam_bio/android/app/build/intermediates/incremental/debug/mergeDebugResources/merged.dir...
[2026-09-08 20:32:40] [PROGRESS] resolve files> Scanning /home/nikita/StudioProjects/pam_bio/codeql-db/src/home/nikita/StudioProjects/pam_bio/android/app/build/intermediates/incremental/debug/mergeDebugResources/merged.dir/values-af...
[2026-09-08 20:32:40] [PROGRESS] resolve files> Scanning /home/nikita/StudioProjects/pam_bio/codeql-db/src/home/nikita/StudioProjects/pam_bio/android/app/build/intermediates/incremental/debug/mergeDebugResources/merged.dir/values-am...
[2026-09-08 20:32:40] [PROGRESS] resolve files> Scanning /home/nikita/StudioProjects/pam_bio/codeql-db/src/home/nikita/StudioProjects/pam_bio/android/app/build/intermediates/incremental/debug/mergeDebugResources/merged.dir/values-ar...
[2026-09-08 20:32:40] [PROGRESS] resolve files> Scanning /home/nikita/StudioProjects/pam_bio/codeql-db/src/home/nikita/StudioProjects/pam_bio/android/app/build/intermediates/incremental/debug/mergeDebugResources/merged.dir/values-as...
[2026-09-08 20:32:40] [PROGRESS] resolve files> Scanning /home/nikita/StudioProjects/pam_bio/codeql-db/src/home/nikita/StudioProjects/pam_bio/android/app/build/intermediates/incremental/debug/mergeDebugResources/merged.dir/values-az...
[2026-09-08 20:32:40] [PROGRESS] resolve files> Scanning /home/nikita/StudioProjects/pam_bio/codeql-db/src/home/nikita/StudioProjects/pam_bio/android/app/build/intermediates/incremental/debug/mergeDebugResources/merged.dir/values-b+sr+Latn...
[2026-09-08 20:32:40] [PROGRESS] resolve files> Scanning /home/nikita/StudioProjects/pam_bio/codeql-db/src/home/nikita/StudioProjects/pam_bio/android/app/build/intermediates/incremental/debug/mergeDebugResources/merged.dir/values-be...
[2026-09-08 20:32:40] [PROGRESS] resolve files> Scanning /home/nikita/StudioProjects/pam_bio/codeql-db/src/home/nikita/StudioProjects/pam_bio/android/app/build/intermediates/incremental/debug/mergeDebugResources/merged.dir/values-bg...
[2026-09-08 20:32:40] [PROGRESS] resolve files> Scanning /home/nikita/StudioProjects/pam_bio/codeql-db/src/home/nikita/StudioProjects/pam_bio/android/app/build/intermediates/incremental/debug/mergeDebugResources/merged.dir/values-bn...
[2026-09-08 20:32:40] [PROGRESS] resolve files> Scanning /home/nikita/StudioProjects/pam_bio/codeql-db/src/home/nikita/StudioProjects/pam_bio/android/app/build/intermediates/incremental/debug/mergeDebugResources/merged.dir/values-bs...
[2026-09-08 20:32:40] [PROGRESS] resolve files> Scanning /home/nikita/StudioProjects/pam_bio/codeql-db/src/home/nikita/StudioProjects/pam_bio/android/app/build/intermediates/incremental/debug/mergeDebugResources/merged.dir/values-ca...
[2026-09-08 20:32:40] [PROGRESS] resolve files> Scanning /home/nikita/StudioProjects/pam_bio/codeql-db/src/home/nikita/StudioProjects/pam_bio/android/app/build/intermediates/incremental/debug/mergeDebugResources/merged.dir/values-cs...
[2026-09-08 20:32:40] [PROGRESS] resolve files> Scanning /home/nikita/StudioProjects/pam_bio/codeql-db/src/home/nikita/StudioProjects/pam_bio/android/app/build/intermediates/incremental/debug/mergeDebugResources/merged.dir/values-da...
[2026-09-08 20:32:40] [PROGRESS] resolve files> Scanning /home/nikita/StudioProjects/pam_bio/codeql-db/src/home/nikita/StudioProjects/pam_bio/android/app/build/intermediates/incremental/debug/mergeDebugResources/merged.dir/values-de...
[2026-09-08 20:32:40] [PROGRESS] resolve files> Scanning /home/nikita/StudioProjects/pam_bio/codeql-db/src/home/nikita/StudioProjects/pam_bio/android/app/build/intermediates/incremental/debug/mergeDebugResources/merged.dir/values-el...
[2026-09-08 20:32:40] [PROGRESS] resolve files> Scanning /home/nikita/StudioProjects/pam_bio/codeql-db/src/home/nikita/StudioProjects/pam_bio/android/app/build/intermediates/incremental/debug/mergeDebugResources/merged.dir/values-en-rAU...
[2026-09-08 20:32:40] [PROGRESS] resolve files> Scanning /home/nikita/StudioProjects/pam_bio/codeql-db/src/home/nikita/StudioProjects/pam_bio/android/app/build/intermediates/incremental/debug/mergeDebugResources/merged.dir/values-en-rCA...
[2026-09-08 20:32:40] [PROGRESS] resolve files> Scanning /home/nikita/StudioProjects/pam_bio/codeql-db/src/home/nikita/StudioProjects/pam_bio/android/app/build/intermediates/incremental/debug/mergeDebugResources/merged.dir/values-en-rGB...
[2026-09-08 20:32:40] [PROGRESS] resolve files> Scanning /home/nikita/StudioProjects/pam_bio/codeql-db/src/home/nikita/StudioProjects/pam_bio/android/app/build/intermediates/incremental/debug/mergeDebugResources/merged.dir/values-en-rIN...
[2026-09-08 20:32:40] [PROGRESS] resolve files> Scanning /home/nikita/StudioProjects/pam_bio/codeql-db/src/home/nikita/StudioProjects/pam_bio/android/app/build/intermediates/incremental/debug/mergeDebugResources/merged.dir/values-en-rXC...
[2026-09-08 20:32:40] [PROGRESS] resolve files> Scanning /home/nikita/StudioProjects/pam_bio/codeql-db/src/home/nikita/StudioProjects/pam_bio/android/app/build/intermediates/incremental/debug/mergeDebugResources/merged.dir/values-en...
[2026-09-08 20:32:40] [PROGRESS] resolve files> Scanning /home/nikita/StudioProjects/pam_bio/codeql-db/src/home/nikita/StudioProjects/pam_bio/android/app/build/intermediates/incremental/debug/mergeDebugResources/merged.dir/values-es-rUS...
[2026-09-08 20:32:40] [PROGRESS] resolve files> Scanning /home/nikita/StudioProjects/pam_bio/codeql-db/src/home/nikita/StudioProjects/pam_bio/android/app/build/intermediates/incremental/debug/mergeDebugResources/merged.dir/values-es...
[2026-09-08 20:32:40] [PROGRESS] resolve files> Scanning /home/nikita/StudioProjects/pam_bio/codeql-db/src/home/nikita/StudioProjects/pam_bio/android/app/build/intermediates/incremental/debug/mergeDebugResources/merged.dir/values-et...
[2026-09-08 20:32:40] [PROGRESS] resolve files> Scanning /home/nikita/StudioProjects/pam_bio/codeql-db/src/home/nikita/StudioProjects/pam_bio/android/app/build/intermediates/incremental/debug/mergeDebugResources/merged.dir/values-eu...
[2026-09-08 20:32:40] [PROGRESS] resolve files> Scanning /home/nikita/StudioProjects/pam_bio/codeql-db/src/home/nikita/StudioProjects/pam_bio/android/app/build/intermediates/incremental/debug/mergeDebugResources/merged.dir/values-fa...
[2026-09-08 20:32:40] [PROGRESS] resolve files> Scanning /home/nikita/StudioProjects/pam_bio/codeql-db/src/home/nikita/StudioProjects/pam_bio/android/app/build/intermediates/incremental/debug/mergeDebugResources/merged.dir/values-fi...
[2026-09-08 20:32:40] [PROGRESS] resolve files> Scanning /home/nikita/StudioProjects/pam_bio/codeql-db/src/home/nikita/StudioProjects/pam_bio/android/app/build/intermediates/incremental/debug/mergeDebugResources/merged.dir/values-fr-rCA...
[2026-09-08 20:32:40] [PROGRESS] resolve files> Scanning /home/nikita/StudioProjects/pam_bio/codeql-db/src/home/nikita/StudioProjects/pam_bio/android/app/build/intermediates/incremental/debug/mergeDebugResources/merged.dir/values-fr...
[2026-09-08 20:32:40] [PROGRESS] resolve files> Scanning /home/nikita/StudioProjects/pam_bio/codeql-db/src/home/nikita/StudioProjects/pam_bio/android/app/build/intermediates/incremental/debug/mergeDebugResources/merged.dir/values-gl...
[2026-09-08 20:32:40] [PROGRESS] resolve files> Scanning /home/nikita/StudioProjects/pam_bio/codeql-db/src/home/nikita/StudioProjects/pam_bio/android/app/build/intermediates/incremental/debug/mergeDebugResources/merged.dir/values-gu...
[2026-09-08 20:32:40] [PROGRESS] resolve files> Scanning /home/nikita/StudioProjects/pam_bio/codeql-db/src/home/nikita/StudioProjects/pam_bio/android/app/build/intermediates/incremental/debug/mergeDebugResources/merged.dir/values-h720dp-v13...
[2026-09-08 20:32:40] [PROGRESS] resolve files> Scanning /home/nikita/StudioProjects/pam_bio/codeql-db/src/home/nikita/StudioProjects/pam_bio/android/app/build/intermediates/incremental/debug/mergeDebugResources/merged.dir/values-hdpi-v4...
[2026-09-08 20:32:40] [PROGRESS] resolve files> Scanning /home/nikita/StudioProjects/pam_bio/codeql-db/src/home/nikita/StudioProjects/pam_bio/android/app/build/intermediates/incremental/debug/mergeDebugResources/merged.dir/values-hi...
[2026-09-08 20:32:40] [PROGRESS] resolve files> Scanning /home/nikita/StudioProjects/pam_bio/codeql-db/src/home/nikita/StudioProjects/pam_bio/android/app/build/intermediates/incremental/debug/mergeDebugResources/merged.dir/values-hr...
[2026-09-08 20:32:40] [PROGRESS] resolve files> Scanning /home/nikita/StudioProjects/pam_bio/codeql-db/src/home/nikita/StudioProjects/pam_bio/android/app/build/intermediates/incremental/debug/mergeDebugResources/merged.dir/values-hu...
[2026-09-08 20:32:40] [PROGRESS] resolve files> Scanning /home/nikita/StudioProjects/pam_bio/codeql-db/src/home/nikita/StudioProjects/pam_bio/android/app/build/intermediates/incremental/debug/mergeDebugResources/merged.dir/values-hy...
[2026-09-08 20:32:40] [PROGRESS] resolve files> Scanning /home/nikita/StudioProjects/pam_bio/codeql-db/src/home/nikita/StudioProjects/pam_bio/android/app/build/intermediates/incremental/debug/mergeDebugResources/merged.dir/values-in...
[2026-09-08 20:32:40] [PROGRESS] resolve files> Scanning /home/nikita/StudioProjects/pam_bio/codeql-db/src/home/nikita/StudioProjects/pam_bio/android/app/build/intermediates/incremental/debug/mergeDebugResources/merged.dir/values-is...
[2026-09-08 20:32:40] [PROGRESS] resolve files> Scanning /home/nikita/StudioProjects/pam_bio/codeql-db/src/home/nikita/StudioProjects/pam_bio/android/app/build/intermediates/incremental/debug/mergeDebugResources/merged.dir/values-it...
[2026-09-08 20:32:40] [PROGRESS] resolve files> Scanning /home/nikita/StudioProjects/pam_bio/codeql-db/src/home/nikita/StudioProjects/pam_bio/android/app/build/intermediates/incremental/debug/mergeDebugResources/merged.dir/values-iw...
[2026-09-08 20:32:40] [PROGRESS] resolve files> Scanning /home/nikita/StudioProjects/pam_bio/codeql-db/src/home/nikita/StudioProjects/pam_bio/android/app/build/intermediates/incremental/debug/mergeDebugResources/merged.dir/values-ja...
[2026-09-08 20:32:40] [PROGRESS] resolve files> Scanning /home/nikita/StudioProjects/pam_bio/codeql-db/src/home/nikita/StudioProjects/pam_bio/android/app/build/intermediates/incremental/debug/mergeDebugResources/merged.dir/values-ka...
[2026-09-08 20:32:40] [PROGRESS] resolve files> Scanning /home/nikita/StudioProjects/pam_bio/codeql-db/src/home/nikita/StudioProjects/pam_bio/android/app/build/intermediates/incremental/debug/mergeDebugResources/merged.dir/values-kk...
[2026-09-08 20:32:40] [PROGRESS] resolve files> Scanning /home/nikita/StudioProjects/pam_bio/codeql-db/src/home/nikita/StudioProjects/pam_bio/android/app/build/intermediates/incremental/debug/mergeDebugResources/merged.dir/values-km...
[2026-09-08 20:32:40] [PROGRESS] resolve files> Scanning /home/nikita/StudioProjects/pam_bio/codeql-db/src/home/nikita/StudioProjects/pam_bio/android/app/build/intermediates/incremental/debug/mergeDebugResources/merged.dir/values-kn...
[2026-09-08 20:32:40] [PROGRESS] resolve files> Scanning /home/nikita/StudioProjects/pam_bio/codeql-db/src/home/nikita/StudioProjects/pam_bio/android/app/build/intermediates/incremental/debug/mergeDebugResources/merged.dir/values-ko...
[2026-09-08 20:32:40] [PROGRESS] resolve files> Scanning /home/nikita/StudioProjects/pam_bio/codeql-db/src/home/nikita/StudioProjects/pam_bio/android/app/build/intermediates/incremental/debug/mergeDebugResources/merged.dir/values-ky...
[2026-09-08 20:32:40] [PROGRESS] resolve files> Scanning /home/nikita/StudioProjects/pam_bio/codeql-db/src/home/nikita/StudioProjects/pam_bio/android/app/build/intermediates/incremental/debug/mergeDebugResources/merged.dir/values-land...
[2026-09-08 20:32:40] [PROGRESS] resolve files> Scanning /home/nikita/StudioProjects/pam_bio/codeql-db/src/home/nikita/StudioProjects/pam_bio/android/app/build/intermediates/incremental/debug/mergeDebugResources/merged.dir/values-large-v4...
[2026-09-08 20:32:40] [PROGRESS] resolve files> Scanning /home/nikita/StudioProjects/pam_bio/codeql-db/src/home/nikita/StudioProjects/pam_bio/android/app/build/intermediates/incremental/debug/mergeDebugResources/merged.dir/values-ldltr-v21...
[2026-09-08 20:32:40] [PROGRESS] resolve files> Scanning /home/nikita/StudioProjects/pam_bio/codeql-db/src/home/nikita/StudioProjects/pam_bio/android/app/build/intermediates/incremental/debug/mergeDebugResources/merged.dir/values-lo...
[2026-09-08 20:32:40] [PROGRESS] resolve files> Scanning /home/nikita/StudioProjects/pam_bio/codeql-db/src/home/nikita/StudioProjects/pam_bio/android/app/build/intermediates/incremental/debug/mergeDebugResources/merged.dir/values-lt...
[2026-09-08 20:32:40] [PROGRESS] resolve files> Scanning /home/nikita/StudioProjects/pam_bio/codeql-db/src/home/nikita/StudioProjects/pam_bio/android/app/build/intermediates/incremental/debug/mergeDebugResources/merged.dir/values-lv...
[2026-09-08 20:32:40] [PROGRESS] resolve files> Scanning /home/nikita/StudioProjects/pam_bio/codeql-db/src/home/nikita/StudioProjects/pam_bio/android/app/build/intermediates/incremental/debug/mergeDebugResources/merged.dir/values-mk...
[2026-09-08 20:32:40] [PROGRESS] resolve files> Scanning /home/nikita/StudioProjects/pam_bio/codeql-db/src/home/nikita/StudioProjects/pam_bio/android/app/build/intermediates/incremental/debug/mergeDebugResources/merged.dir/values-ml...
[2026-09-08 20:32:40] [PROGRESS] resolve files> Scanning /home/nikita/StudioProjects/pam_bio/codeql-db/src/home/nikita/StudioProjects/pam_bio/android/app/build/intermediates/incremental/debug/mergeDebugResources/merged.dir/values-mn...
[2026-09-08 20:32:40] [PROGRESS] resolve files> Scanning /home/nikita/StudioProjects/pam_bio/codeql-db/src/home/nikita/StudioProjects/pam_bio/android/app/build/intermediates/incremental/debug/mergeDebugResources/merged.dir/values-mr...
[2026-09-08 20:32:40] [PROGRESS] resolve files> Scanning /home/nikita/StudioProjects/pam_bio/codeql-db/src/home/nikita/StudioProjects/pam_bio/android/app/build/intermediates/incremental/debug/mergeDebugResources/merged.dir/values-ms...
[2026-09-08 20:32:40] [PROGRESS] resolve files> Scanning /home/nikita/StudioProjects/pam_bio/codeql-db/src/home/nikita/StudioProjects/pam_bio/android/app/build/intermediates/incremental/debug/mergeDebugResources/merged.dir/values-my...
[2026-09-08 20:32:40] [PROGRESS] resolve files> Scanning /home/nikita/StudioProjects/pam_bio/codeql-db/src/home/nikita/StudioProjects/pam_bio/android/app/build/intermediates/incremental/debug/mergeDebugResources/merged.dir/values-nb...
[2026-09-08 20:32:40] [PROGRESS] resolve files> Scanning /home/nikita/StudioProjects/pam_bio/codeql-db/src/home/nikita/StudioProjects/pam_bio/android/app/build/intermediates/incremental/debug/mergeDebugResources/merged.dir/values-ne...
[2026-09-08 20:32:40] [PROGRESS] resolve files> Scanning /home/nikita/StudioProjects/pam_bio/codeql-db/src/home/nikita/StudioProjects/pam_bio/android/app/build/intermediates/incremental/debug/mergeDebugResources/merged.dir/values-night-v8...
[2026-09-08 20:32:40] [PROGRESS] resolve files> Scanning /home/nikita/StudioProjects/pam_bio/codeql-db/src/home/nikita/StudioProjects/pam_bio/android/app/build/intermediates/incremental/debug/mergeDebugResources/merged.dir/values-nl...
[2026-09-08 20:32:40] [PROGRESS] resolve files> Scanning /home/nikita/StudioProjects/pam_bio/codeql-db/src/home/nikita/StudioProjects/pam_bio/android/app/build/intermediates/incremental/debug/mergeDebugResources/merged.dir/values-or...
[2026-09-08 20:32:40] [PROGRESS] resolve files> Scanning /home/nikita/StudioProjects/pam_bio/codeql-db/src/home/nikita/StudioProjects/pam_bio/android/app/build/intermediates/incremental/debug/mergeDebugResources/merged.dir/values-pa...
[2026-09-08 20:32:40] [PROGRESS] resolve files> Scanning /home/nikita/StudioProjects/pam_bio/codeql-db/src/home/nikita/StudioProjects/pam_bio/android/app/build/intermediates/incremental/debug/mergeDebugResources/merged.dir/values-pl...
[2026-09-08 20:32:40] [PROGRESS] resolve files> Scanning /home/nikita/StudioProjects/pam_bio/codeql-db/src/home/nikita/StudioProjects/pam_bio/android/app/build/intermediates/incremental/debug/mergeDebugResources/merged.dir/values-port...
[2026-09-08 20:32:40] [PROGRESS] resolve files> Scanning /home/nikita/StudioProjects/pam_bio/codeql-db/src/home/nikita/StudioProjects/pam_bio/android/app/build/intermediates/incremental/debug/mergeDebugResources/merged.dir/values-pt-rBR...
[2026-09-08 20:32:40] [PROGRESS] resolve files> Scanning /home/nikita/StudioProjects/pam_bio/codeql-db/src/home/nikita/StudioProjects/pam_bio/android/app/build/intermediates/incremental/debug/mergeDebugResources/merged.dir/values-pt-rPT...
[2026-09-08 20:32:40] [PROGRESS] resolve files> Scanning /home/nikita/StudioProjects/pam_bio/codeql-db/src/home/nikita/StudioProjects/pam_bio/android/app/build/intermediates/incremental/debug/mergeDebugResources/merged.dir/values-pt...
[2026-09-08 20:32:40] [PROGRESS] resolve files> Scanning /home/nikita/StudioProjects/pam_bio/codeql-db/src/home/nikita/StudioProjects/pam_bio/android/app/build/intermediates/incremental/debug/mergeDebugResources/merged.dir/values-ro...
[2026-09-08 20:32:40] [PROGRESS] resolve files> Scanning /home/nikita/StudioProjects/pam_bio/codeql-db/src/home/nikita/StudioProjects/pam_bio/android/app/build/intermediates/incremental/debug/mergeDebugResources/merged.dir/values-ru...
[2026-09-08 20:32:40] [PROGRESS] resolve files> Scanning /home/nikita/StudioProjects/pam_bio/codeql-db/src/home/nikita/StudioProjects/pam_bio/android/app/build/intermediates/incremental/debug/mergeDebugResources/merged.dir/values-si...
[2026-09-08 20:32:40] [PROGRESS] resolve files> Scanning /home/nikita/StudioProjects/pam_bio/codeql-db/src/home/nikita/StudioProjects/pam_bio/android/app/build/intermediates/incremental/debug/mergeDebugResources/merged.dir/values-sk...
[2026-09-08 20:32:40] [PROGRESS] resolve files> Scanning /home/nikita/StudioProjects/pam_bio/codeql-db/src/home/nikita/StudioProjects/pam_bio/android/app/build/intermediates/incremental/debug/mergeDebugResources/merged.dir/values-sl...
[2026-09-08 20:32:40] [PROGRESS] resolve files> Scanning /home/nikita/StudioProjects/pam_bio/codeql-db/src/home/nikita/StudioProjects/pam_bio/android/app/build/intermediates/incremental/debug/mergeDebugResources/merged.dir/values-sq...
[2026-09-08 20:32:40] [PROGRESS] resolve files> Scanning /home/nikita/StudioProjects/pam_bio/codeql-db/src/home/nikita/StudioProjects/pam_bio/android/app/build/intermediates/incremental/debug/mergeDebugResources/merged.dir/values-sr...
[2026-09-08 20:32:40] [PROGRESS] resolve files> Scanning /home/nikita/StudioProjects/pam_bio/codeql-db/src/home/nikita/StudioProjects/pam_bio/android/app/build/intermediates/incremental/debug/mergeDebugResources/merged.dir/values-sv...
[2026-09-08 20:32:40] [PROGRESS] resolve files> Scanning /home/nikita/StudioProjects/pam_bio/codeql-db/src/home/nikita/StudioProjects/pam_bio/android/app/build/intermediates/incremental/debug/mergeDebugResources/merged.dir/values-sw...
[2026-09-08 20:32:40] [PROGRESS] resolve files> Scanning /home/nikita/StudioProjects/pam_bio/codeql-db/src/home/nikita/StudioProjects/pam_bio/android/app/build/intermediates/incremental/debug/mergeDebugResources/merged.dir/values-sw600dp-v13...
[2026-09-08 20:32:40] [PROGRESS] resolve files> Scanning /home/nikita/StudioProjects/pam_bio/codeql-db/src/home/nikita/StudioProjects/pam_bio/android/app/build/intermediates/incremental/debug/mergeDebugResources/merged.dir/values-ta...
[2026-09-08 20:32:40] [PROGRESS] resolve files> Scanning /home/nikita/StudioProjects/pam_bio/codeql-db/src/home/nikita/StudioProjects/pam_bio/android/app/build/intermediates/incremental/debug/mergeDebugResources/merged.dir/values-te...
[2026-09-08 20:32:40] [PROGRESS] resolve files> Scanning /home/nikita/StudioProjects/pam_bio/codeql-db/src/home/nikita/StudioProjects/pam_bio/android/app/build/intermediates/incremental/debug/mergeDebugResources/merged.dir/values-th...
[2026-09-08 20:32:40] [PROGRESS] resolve files> Scanning /home/nikita/StudioProjects/pam_bio/codeql-db/src/home/nikita/StudioProjects/pam_bio/android/app/build/intermediates/incremental/debug/mergeDebugResources/merged.dir/values-tl...
[2026-09-08 20:32:40] [PROGRESS] resolve files> Scanning /home/nikita/StudioProjects/pam_bio/codeql-db/src/home/nikita/StudioProjects/pam_bio/android/app/build/intermediates/incremental/debug/mergeDebugResources/merged.dir/values-tr...
[2026-09-08 20:32:40] [PROGRESS] resolve files> Scanning /home/nikita/StudioProjects/pam_bio/codeql-db/src/home/nikita/StudioProjects/pam_bio/android/app/build/intermediates/incremental/debug/mergeDebugResources/merged.dir/values-uk...
[2026-09-08 20:32:40] [PROGRESS] resolve files> Scanning /home/nikita/StudioProjects/pam_bio/codeql-db/src/home/nikita/StudioProjects/pam_bio/android/app/build/intermediates/incremental/debug/mergeDebugResources/merged.dir/values-ur...
[2026-09-08 20:32:40] [PROGRESS] resolve files> Scanning /home/nikita/StudioProjects/pam_bio/codeql-db/src/home/nikita/StudioProjects/pam_bio/android/app/build/intermediates/incremental/debug/mergeDebugResources/merged.dir/values-uz...
[2026-09-08 20:32:40] [PROGRESS] resolve files> Scanning /home/nikita/StudioProjects/pam_bio/codeql-db/src/home/nikita/StudioProjects/pam_bio/android/app/build/intermediates/incremental/debug/mergeDebugResources/merged.dir/values-v16...
[2026-09-08 20:32:40] [PROGRESS] resolve files> Scanning /home/nikita/StudioProjects/pam_bio/codeql-db/src/home/nikita/StudioProjects/pam_bio/android/app/build/intermediates/incremental/debug/mergeDebugResources/merged.dir/values-v17...
[2026-09-08 20:32:40] [PROGRESS] resolve files> Scanning /home/nikita/StudioProjects/pam_bio/codeql-db/src/home/nikita/StudioProjects/pam_bio/android/app/build/intermediates/incremental/debug/mergeDebugResources/merged.dir/values-v18...
[2026-09-08 20:32:40] [PROGRESS] resolve files> Scanning /home/nikita/StudioProjects/pam_bio/codeql-db/src/home/nikita/StudioProjects/pam_bio/android/app/build/intermediates/incremental/debug/mergeDebugResources/merged.dir/values-v21...
[2026-09-08 20:32:40] [PROGRESS] resolve files> Scanning /home/nikita/StudioProjects/pam_bio/codeql-db/src/home/nikita/StudioProjects/pam_bio/android/app/build/intermediates/incremental/debug/mergeDebugResources/merged.dir/values-v22...
[2026-09-08 20:32:40] [PROGRESS] resolve files> Scanning /home/nikita/StudioProjects/pam_bio/codeql-db/src/home/nikita/StudioProjects/pam_bio/android/app/build/intermediates/incremental/debug/mergeDebugResources/merged.dir/values-v23...
[2026-09-08 20:32:40] [PROGRESS] resolve files> Scanning /home/nikita/StudioProjects/pam_bio/codeql-db/src/home/nikita/StudioProjects/pam_bio/android/app/build/intermediates/incremental/debug/mergeDebugResources/merged.dir/values-v24...
[2026-09-08 20:32:40] [PROGRESS] resolve files> Scanning /home/nikita/StudioProjects/pam_bio/codeql-db/src/home/nikita/StudioProjects/pam_bio/android/app/build/intermediates/incremental/debug/mergeDebugResources/merged.dir/values-v25...
[2026-09-08 20:32:40] [PROGRESS] resolve files> Scanning /home/nikita/StudioProjects/pam_bio/codeql-db/src/home/nikita/StudioProjects/pam_bio/android/app/build/intermediates/incremental/debug/mergeDebugResources/merged.dir/values-v26...
[2026-09-08 20:32:40] [PROGRESS] resolve files> Scanning /home/nikita/StudioProjects/pam_bio/codeql-db/src/home/nikita/StudioProjects/pam_bio/android/app/build/intermediates/incremental/debug/mergeDebugResources/merged.dir/values-v28...
[2026-09-08 20:32:40] [PROGRESS] resolve files> Scanning /home/nikita/StudioProjects/pam_bio/codeql-db/src/home/nikita/StudioProjects/pam_bio/android/app/build/intermediates/incremental/debug/mergeDebugResources/merged.dir/values-v30...
[2026-09-08 20:32:40] [PROGRESS] resolve files> Scanning /home/nikita/StudioProjects/pam_bio/codeql-db/src/home/nikita/StudioProjects/pam_bio/android/app/build/intermediates/incremental/debug/mergeDebugResources/merged.dir/values-vi...
[2026-09-08 20:32:40] [PROGRESS] resolve files> Scanning /home/nikita/StudioProjects/pam_bio/codeql-db/src/home/nikita/StudioProjects/pam_bio/android/app/build/intermediates/incremental/debug/mergeDebugResources/merged.dir/values-watch-v20...
[2026-09-08 20:32:40] [PROGRESS] resolve files> Scanning /home/nikita/StudioProjects/pam_bio/codeql-db/src/home/nikita/StudioProjects/pam_bio/android/app/build/intermediates/incremental/debug/mergeDebugResources/merged.dir/values-watch-v21...
[2026-09-08 20:32:40] [PROGRESS] resolve files> Scanning /home/nikita/StudioProjects/pam_bio/codeql-db/src/home/nikita/StudioProjects/pam_bio/android/app/build/intermediates/incremental/debug/mergeDebugResources/merged.dir/values-xlarge-v4...
[2026-09-08 20:32:40] [PROGRESS] resolve files> Scanning /home/nikita/StudioProjects/pam_bio/codeql-db/src/home/nikita/StudioProjects/pam_bio/android/app/build/intermediates/incremental/debug/mergeDebugResources/merged.dir/values-zh-rCN...
[2026-09-08 20:32:40] [PROGRESS] resolve files> Scanning /home/nikita/StudioProjects/pam_bio/codeql-db/src/home/nikita/StudioProjects/pam_bio/android/app/build/intermediates/incremental/debug/mergeDebugResources/merged.dir/values-zh-rHK...
[2026-09-08 20:32:40] [PROGRESS] resolve files> Scanning /home/nikita/StudioProjects/pam_bio/codeql-db/src/home/nikita/StudioProjects/pam_bio/android/app/build/intermediates/incremental/debug/mergeDebugResources/merged.dir/values-zh-rTW...
[2026-09-08 20:32:40] [PROGRESS] resolve files> Scanning /home/nikita/StudioProjects/pam_bio/codeql-db/src/home/nikita/StudioProjects/pam_bio/android/app/build/intermediates/incremental/debug/mergeDebugResources/merged.dir/values-zh...
[2026-09-08 20:32:40] [PROGRESS] resolve files> Scanning /home/nikita/StudioProjects/pam_bio/codeql-db/src/home/nikita/StudioProjects/pam_bio/android/app/build/intermediates/incremental/debug/mergeDebugResources/merged.dir/values-zu...
[2026-09-08 20:32:40] [PROGRESS] resolve files> Scanning /home/nikita/StudioProjects/pam_bio/codeql-db/src/home/nikita/StudioProjects/pam_bio/android/app/build/intermediates/incremental/debug/mergeDebugResources/merged.dir/values...
[2026-09-08 20:32:40] [PROGRESS] resolve files> Scanning /home/nikita/StudioProjects/pam_bio/codeql-db/src/home/nikita/StudioProjects/pam_bio/android/app/build/intermediates/incremental/debug/packageDebugResources...
[2026-09-08 20:32:40] [PROGRESS] resolve files> Scanning /home/nikita/StudioProjects/pam_bio/codeql-db/src/home/nikita/StudioProjects/pam_bio/android/app/build/intermediates/incremental/debug/packageDebugResources/merged.dir...
[2026-09-08 20:32:40] [PROGRESS] resolve files> Scanning /home/nikita/StudioProjects/pam_bio/codeql-db/src/home/nikita/StudioProjects/pam_bio/android/app/build/intermediates/incremental/debug/packageDebugResources/merged.dir/values-en...
[2026-09-08 20:32:40] [PROGRESS] resolve files> Scanning /home/nikita/StudioProjects/pam_bio/codeql-db/src/home/nikita/StudioProjects/pam_bio/android/app/build/intermediates/incremental/debug/packageDebugResources/merged.dir/values-zh...
[2026-09-08 20:32:40] [PROGRESS] resolve files> Scanning /home/nikita/StudioProjects/pam_bio/codeql-db/src/home/nikita/StudioProjects/pam_bio/android/app/build/intermediates/incremental/debug/packageDebugResources/merged.dir/values...
[2026-09-08 20:32:40] [PROGRESS] resolve files> Scanning /home/nikita/StudioProjects/pam_bio/codeql-db/src/home/nikita/StudioProjects/pam_bio/android/app/build/intermediates/incremental/mergeDebugAssets...
[2026-09-08 20:32:40] [PROGRESS] resolve files> Scanning /home/nikita/StudioProjects/pam_bio/codeql-db/src/home/nikita/StudioProjects/pam_bio/android/app/build/intermediates/incremental/mergeDebugJniLibFolders...
[2026-09-08 20:32:40] [PROGRESS] resolve files> Scanning /home/nikita/StudioProjects/pam_bio/codeql-db/src/home/nikita/StudioProjects/pam_bio/android/app/build/intermediates/merged_manifest...
[2026-09-08 20:32:40] [PROGRESS] resolve files> Scanning /home/nikita/StudioProjects/pam_bio/codeql-db/src/home/nikita/StudioProjects/pam_bio/android/app/build/intermediates/merged_manifest/debug...
[2026-09-08 20:32:40] [PROGRESS] resolve files> Scanning /home/nikita/StudioProjects/pam_bio/codeql-db/src/home/nikita/StudioProjects/pam_bio/android/app/build/intermediates/merged_manifest/debug/processDebugMainManifest...
[2026-09-08 20:32:40] [PROGRESS] resolve files> Scanning /home/nikita/StudioProjects/pam_bio/codeql-db/src/home/nikita/StudioProjects/pam_bio/android/app/build/intermediates/merged_manifests...
[2026-09-08 20:32:40] [PROGRESS] resolve files> Scanning /home/nikita/StudioProjects/pam_bio/codeql-db/src/home/nikita/StudioProjects/pam_bio/android/app/build/intermediates/merged_manifests/debug...
[2026-09-08 20:32:40] [PROGRESS] resolve files> Scanning /home/nikita/StudioProjects/pam_bio/codeql-db/src/home/nikita/StudioProjects/pam_bio/android/app/build/intermediates/merged_manifests/debug/processDebugManifest...
[2026-09-08 20:32:40] [PROGRESS] resolve files> Scanning /home/nikita/StudioProjects/pam_bio/codeql-db/src/home/nikita/StudioProjects/pam_bio/android/app/build/intermediates/merged_manifests/debug/processDebugManifest/arm64-v8a...
[2026-09-08 20:32:40] [PROGRESS] resolve files> Scanning /home/nikita/StudioProjects/pam_bio/codeql-db/src/home/nikita/StudioProjects/pam_bio/android/app/build/intermediates/merged_manifests/debug/processDebugManifest/armeabi-v7a...
[2026-09-08 20:32:40] [PROGRESS] resolve files> Scanning /home/nikita/StudioProjects/pam_bio/codeql-db/src/home/nikita/StudioProjects/pam_bio/android/app/build/intermediates/merged_manifests/debug/processDebugManifest/universal...
[2026-09-08 20:32:40] [PROGRESS] resolve files> Scanning /home/nikita/StudioProjects/pam_bio/codeql-db/src/home/nikita/StudioProjects/pam_bio/android/app/build/intermediates/merged_manifests/debug/processDebugManifest/x86...
[2026-09-08 20:32:40] [PROGRESS] resolve files> Scanning /home/nikita/StudioProjects/pam_bio/codeql-db/src/home/nikita/StudioProjects/pam_bio/android/app/build/intermediates/merged_manifests/debug/processDebugManifest/x86_64...
[2026-09-08 20:32:40] [PROGRESS] resolve files> Scanning /home/nikita/StudioProjects/pam_bio/codeql-db/src/home/nikita/StudioProjects/pam_bio/android/app/build/intermediates/packaged_manifests...
[2026-09-08 20:32:40] [PROGRESS] resolve files> Scanning /home/nikita/StudioProjects/pam_bio/codeql-db/src/home/nikita/StudioProjects/pam_bio/android/app/build/intermediates/packaged_manifests/debug...
[2026-09-08 20:32:40] [PROGRESS] resolve files> Scanning /home/nikita/StudioProjects/pam_bio/codeql-db/src/home/nikita/StudioProjects/pam_bio/android/app/build/intermediates/packaged_manifests/debug/processDebugManifestForPackage...
[2026-09-08 20:32:40] [PROGRESS] resolve files> Scanning /home/nikita/StudioProjects/pam_bio/codeql-db/src/home/nikita/StudioProjects/pam_bio/android/app/build/intermediates/packaged_manifests/debug/processDebugManifestForPackage/arm64-v8a...
[2026-09-08 20:32:40] [PROGRESS] resolve files> Scanning /home/nikita/StudioProjects/pam_bio/codeql-db/src/home/nikita/StudioProjects/pam_bio/android/app/build/intermediates/packaged_manifests/debug/processDebugManifestForPackage/armeabi-v7a...
[2026-09-08 20:32:40] [PROGRESS] resolve files> Scanning /home/nikita/StudioProjects/pam_bio/codeql-db/src/home/nikita/StudioProjects/pam_bio/android/app/build/intermediates/packaged_manifests/debug/processDebugManifestForPackage/universal...
[2026-09-08 20:32:40] [PROGRESS] resolve files> Scanning /home/nikita/StudioProjects/pam_bio/codeql-db/src/home/nikita/StudioProjects/pam_bio/android/app/build/intermediates/packaged_manifests/debug/processDebugManifestForPackage/x86...
[2026-09-08 20:32:40] [PROGRESS] resolve files> Scanning /home/nikita/StudioProjects/pam_bio/codeql-db/src/home/nikita/StudioProjects/pam_bio/android/app/build/intermediates/packaged_manifests/debug/processDebugManifestForPackage/x86_64...
[2026-09-08 20:32:40] [PROGRESS] resolve files> Scanning /home/nikita/StudioProjects/pam_bio/codeql-db/src/home/nikita/StudioProjects/pam_bio/android/app/build/intermediates/packaged_res...
[2026-09-08 20:32:40] [PROGRESS] resolve files> Scanning /home/nikita/StudioProjects/pam_bio/codeql-db/src/home/nikita/StudioProjects/pam_bio/android/app/build/intermediates/packaged_res/debug...
[2026-09-08 20:32:40] [PROGRESS] resolve files> Scanning /home/nikita/StudioProjects/pam_bio/codeql-db/src/home/nikita/StudioProjects/pam_bio/android/app/build/intermediates/packaged_res/debug/packageDebugResources...
[2026-09-08 20:32:40] [PROGRESS] resolve files> Scanning /home/nikita/StudioProjects/pam_bio/codeql-db/src/home/nikita/StudioProjects/pam_bio/android/app/build/intermediates/packaged_res/debug/packageDebugResources/drawable-anydpi-v4...
[2026-09-08 20:32:40] [PROGRESS] resolve files> Scanning /home/nikita/StudioProjects/pam_bio/codeql-db/src/home/nikita/StudioProjects/pam_bio/android/app/build/intermediates/packaged_res/debug/packageDebugResources/mipmap-anydpi-v26...
[2026-09-08 20:32:40] [PROGRESS] resolve files> Scanning /home/nikita/StudioProjects/pam_bio/codeql-db/src/home/nikita/StudioProjects/pam_bio/android/app/build/intermediates/packaged_res/debug/packageDebugResources/values-en...
[2026-09-08 20:32:40] [PROGRESS] resolve files> Scanning /home/nikita/StudioProjects/pam_bio/codeql-db/src/home/nikita/StudioProjects/pam_bio/android/app/build/intermediates/packaged_res/debug/packageDebugResources/values-zh...
[2026-09-08 20:32:40] [PROGRESS] resolve files> Scanning /home/nikita/StudioProjects/pam_bio/codeql-db/src/home/nikita/StudioProjects/pam_bio/android/app/build/intermediates/packaged_res/debug/packageDebugResources/values...
[2026-09-08 20:32:40] [PROGRESS] resolve files> Scanning /home/nikita/StudioProjects/pam_bio/codeql-db/src/home/nikita/StudioProjects/pam_bio/android/app/build/intermediates/packaged_res/debug/packageDebugResources/xml...
[2026-09-08 20:32:40] [PROGRESS] resolve files> Scanning /home/nikita/StudioProjects/pam_bio/codeql-db/src/home/nikita/StudioProjects/pam_bio/android/app/src...
[2026-09-08 20:32:40] [PROGRESS] resolve files> Scanning /home/nikita/StudioProjects/pam_bio/codeql-db/src/home/nikita/StudioProjects/pam_bio/android/app/src/main...
[2026-09-08 20:32:40] [PROGRESS] resolve files> Scanning /home/nikita/StudioProjects/pam_bio/codeql-db/src/home/nikita/StudioProjects/pam_bio/android/app/src/main/res...
[2026-09-08 20:32:40] [PROGRESS] resolve files> Scanning /home/nikita/StudioProjects/pam_bio/codeql-db/src/home/nikita/StudioProjects/pam_bio/android/app/src/main/res/drawable-anydpi...
[2026-09-08 20:32:40] [PROGRESS] resolve files> Scanning /home/nikita/StudioProjects/pam_bio/codeql-db/src/home/nikita/StudioProjects/pam_bio/android/app/src/main/res/mipmap-anydpi-v26...
[2026-09-08 20:32:40] [PROGRESS] resolve files> Scanning /home/nikita/StudioProjects/pam_bio/codeql-db/src/home/nikita/StudioProjects/pam_bio/android/app/src/main/res/values-en...
[2026-09-08 20:32:40] [PROGRESS] resolve files> Scanning /home/nikita/StudioProjects/pam_bio/codeql-db/src/home/nikita/StudioProjects/pam_bio/android/app/src/main/res/values-zh...
[2026-09-08 20:32:40] [PROGRESS] resolve files> Scanning /home/nikita/StudioProjects/pam_bio/codeql-db/src/home/nikita/StudioProjects/pam_bio/android/app/src/main/res/values...
[2026-09-08 20:32:40] [PROGRESS] resolve files> Scanning /home/nikita/StudioProjects/pam_bio/codeql-db/src/home/nikita/StudioProjects/pam_bio/android/app/src/main/res/xml...
[2026-09-08 20:32:40] [PROGRESS] resolve files> Scanning /home/nikita/StudioProjects/pam_bio/codeql-db/src/home/nikita/StudioProjects/pam_bio/android/.idea...
[2026-09-08 20:32:40] [PROGRESS] resolve files> Scanning /home/nikita/StudioProjects/pam_bio/codeql-db/src/home/nikita/StudioProjects/pam_bio/android/.idea/caches...
[2026-09-08 20:32:40] [PROGRESS] resolve files> Scanning /home/nikita/StudioProjects/pam_bio/codeql-db/src/home/nikita/StudioProjects/pam_bio/android/.idea/codeStyles...
[2026-09-08 20:32:40] [PROGRESS] resolve files> Scanning /home/nikita/StudioProjects/pam_bio/codeql-db/src/home/nikita/StudioProjects/pam_bio/daemon...
[2026-09-08 20:32:40] [PROGRESS] resolve files> Scanning /home/nikita/StudioProjects/pam_bio/codeql-db/src/home/nikita/StudioProjects/pam_bio/daemon/.idea...
[2026-09-08 20:32:40] Plumbing command codeql resolve files completed:
                      [
                        "/home/nikita/StudioProjects/pam_bio/android/.gradle/9.4.1/gc.properties",
                        "/home/nikita/StudioProjects/pam_bio/android/.gradle/buildOutputCleanup/cache.properties",
                        "/home/nikita/StudioProjects/pam_bio/android/.gradle/vcs-1/gc.properties",
                        "/home/nikita/StudioProjects/pam_bio/android/app/build/intermediates/app_metadata/debug/writeDebugAppMetadata/app-metadata.properties",
                        "/home/nikita/StudioProjects/pam_bio/android/app/build/intermediates/incremental/debug/mergeDebugResources/compile-file-map.properties",
                        "/home/nikita/StudioProjects/pam_bio/android/app/build/intermediates/incremental/debug/packageDebugResources/compile-file-map.properties",
                        "/home/nikita/StudioProjects/pam_bio/android/app/keystore.properties",
                        "/home/nikita/StudioProjects/pam_bio/android/gradle.properties",
                        "/home/nikita/StudioProjects/pam_bio/android/gradle/gradle-daemon-jvm.properties",
                        "/home/nikita/StudioProjects/pam_bio/android/gradle/wrapper/gradle-wrapper.properties",
                        "/home/nikita/StudioProjects/pam_bio/android/local.properties"
                      ]
[2026-09-08 20:32:40] [DETAILS] database index-files> Found 11 files.
[2026-09-08 20:32:40] [PROGRESS] database index-files> /home/nikita/StudioProjects/pam_bio/codeql-db: Indexing files in in /home/nikita/StudioProjects/pam_bio...
[2026-09-08 20:32:40] Using index-files script /nix/store/8cdfj1mnxfx3qk63kbbqflzfl95kkd7p-codeql-2.25.4/codeql/properties/tools/index-files.sh.
[2026-09-08 20:32:40] [PROGRESS] database index-files> Running command in /home/nikita/StudioProjects/pam_bio: [/nix/store/8cdfj1mnxfx3qk63kbbqflzfl95kkd7p-codeql-2.25.4/codeql/properties/tools/index-files.sh, /home/nikita/StudioProjects/pam_bio/codeql-db/working/files-to-index12918790002343490060.list]
[2026-09-08 20:32:40] [build-stdout] [2026-09-08 20:32:40] [PropertiesExtractor] Processed 11 files in 62 ms; produced 0 bytes of compressed TRAP
[2026-09-08 20:32:40] Terminating normally.
